,price_real,biomasse_mwh,wasserkraft_mwh,photovoltaik_mwh_real,sonstige_ee_mwh,kernenergie_mwh,braunkohle_mwh,steinkohle_mwh,erdgas_mwh,pumpspeicher_mwh,sonstige_konv_mwh,wind_sum_mwh_real,netzlast_mwh_real,photovoltaik_mwh_forec,wind_sum_mwh_forec,netzlast_mwh_forec,oil,kohle,co2,gas_6am
2022-11-28 00:00:00,129.22,4878.5,1150.75,0.0,133.0,3722.25,12868.0,7709.25,3452.0,193.0,894.25,22877.75,45607.0,0.0,23206.25,49022.25,NaN,NaN,NaN,NaN
2022-11-28 01:00:00,130.46,4843.5,1149.5,0.0,133.0,3651.5,12984.5,7335.25,3196.75,242.5,895.0,23221.75,43644.5,0.0,23389.25,47124.5,NaN,NaN,NaN,NaN
2022-11-28 02:00:00,127.7,4845.5,1154.5,0.0,133.0,3675.0,12937.25,7236.75,3151.5,229.0,888.25,23597.0,43007.25,0.0,23557.25,47075.25,NaN,NaN,NaN,NaN
2022-11-28 03:00:00,119.58,4825.0,1166.75,0.0,133.0,3663.5,12407.0,6820.5,3012.0,206.25,867.5,23677.5,43262.5,0.0,23606.0,47921.25,NaN,NaN,NaN,NaN
2022-11-28 04:00:00,120.07,4811.5,1167.75,0.0,133.0,3735.5,12834.75,7283.25,3155.5,246.25,856.0,24645.25,44596.0,0.0,23469.75,49774.0,NaN,NaN,NaN,NaN
2022-11-28 05:00:00,129.5,4782.25,1137.75,0.0,133.0,3717.25,13046.25,8600.0,3961.75,232.25,833.0,24523.5,49599.75,0.0,23045.75,53830.5,NaN,NaN,NaN,NaN
2022-11-28 06:00:00,193.09,4786.25,1149.5,0.0,133.0,3765.5,13844.75,11579.0,5574.25,1158.75,836.25,23974.0,58150.5,0.0,22744.25,60400.5,NaN,NaN,NaN,NaN
2022-11-28 07:00:00,304.17,4799.75,1143.5,12.0,133.0,3757.0,14146.0,13337.75,7753.25,1341.75,900.75,22745.25,64205.75,28.0,21663.0,65288.5,NaN,NaN,NaN,NaN
2022-11-28 08:00:00,354.63,4817.0,1147.0,477.5,133.0,3730.75,14237.75,13519.75,10882.5,2100.5,1283.75,21469.75,67412.0,505.75,20521.0,68086.25,NaN,NaN,NaN,NaN
2022-11-28 09:00:00,367.7,4813.0,1156.0,1952.25,133.0,3762.75,14320.5,13701.0,11656.75,2152.0,1576.75,19275.5,67748.75,1701.0,18980.75,69010.0,NaN,NaN,NaN,NaN
2022-11-28 10:00:00,370.0,4808.5,1208.25,3475.75,133.0,3785.0,14207.5,13868.75,12139.25,2084.5,1836.0,16913.25,69395.25,3101.0,17091.5,69902.5,NaN,NaN,NaN,NaN
2022-11-28 11:00:00,365.91,4809.0,1180.0,4497.5,133.0,3750.25,14205.75,13944.0,12728.25,2480.25,1630.0,14864.5,69988.0,3950.0,15058.5,70672.25,NaN,NaN,NaN,NaN
2022-11-28 12:00:00,360.1,4819.5,1118.75,4680.75,133.0,3697.75,14234.0,14051.0,13107.75,704.25,1430.75,12903.0,69475.0,3955.0,13305.75,70483.0,NaN,NaN,NaN,NaN
2022-11-28 13:00:00,367.2,4842.25,1186.25,3758.0,133.0,3748.0,14245.75,14127.0,13459.0,1239.25,1550.75,11215.5,67783.0,3188.75,12227.25,69257.0,NaN,NaN,NaN,NaN
2022-11-28 14:00:00,383.91,4869.0,1186.75,2129.75,133.0,3753.25,14253.0,14418.25,13567.0,2302.0,1639.5,10561.5,66873.0,1885.5,11688.25,68172.0,NaN,NaN,NaN,NaN
2022-11-28 15:00:00,397.91,4886.5,1231.75,638.0,140.5,3842.5,14287.0,14361.0,13568.5,3572.75,1515.75,10697.25,66422.25,668.0,11694.75,67443.5,NaN,NaN,NaN,NaN
2022-11-28 16:00:00,392.6,4901.5,1302.5,16.5,155.0,3824.5,14242.0,14158.75,14135.5,4201.0,1538.5,10909.0,66911.5,98.25,11890.75,67738.0,NaN,NaN,NaN,NaN
2022-11-28 17:00:00,415.58,4901.0,1384.5,0.0,155.0,3810.25,14136.25,14312.5,13929.25,6604.0,1539.0,10944.0,67897.5,0.0,12089.0,69306.75,NaN,NaN,NaN,NaN
2022-11-28 18:00:00,398.97,4915.5,1418.25,0.0,156.25,3717.25,14131.5,14506.5,13980.5,7017.25,1441.25,10445.75,66887.0,0.0,12065.5,69133.75,NaN,NaN,NaN,NaN
2022-11-28 19:00:00,374.7,4918.0,1363.75,0.0,184.75,3687.5,14202.5,14616.5,14132.0,5156.5,1240.5,9558.75,65002.5,0.0,11578.75,67481.25,NaN,NaN,NaN,NaN
2022-11-28 20:00:00,329.04,4897.0,1318.25,0.0,191.0,3685.5,14183.75,14412.25,13902.5,2002.25,1228.75,8852.5,61441.5,0.0,10818.75,64600.25,NaN,NaN,NaN,NaN
2022-11-28 21:00:00,312.0,4878.25,1226.75,0.0,185.25,3663.5,14146.25,14325.5,13248.5,416.75,1217.0,8238.0,58331.0,0.0,10133.75,61811.0,NaN,NaN,NaN,NaN
2022-11-28 22:00:00,294.98,4871.25,1214.25,0.0,179.0,3663.25,14081.5,14416.75,11893.75,223.25,1213.5,7897.0,54689.25,0.0,9472.5,59064.0,NaN,NaN,NaN,NaN
2022-11-28 23:00:00,260.26,4868.75,1261.0,0.0,179.0,3642.25,13969.75,14223.25,9820.75,188.75,1213.0,7335.5,50824.5,0.0,8911.75,56334.25,NaN,NaN,NaN,NaN
2022-11-29 00:00:00,271.88,4844.25,1240.25,0.0,179.0,3807.75,13169.5,14485.5,9407.75,243.0,920.0,6599.75,48257.75,0.0,6878.5,50253.75,NaN,NaN,NaN,NaN
2022-11-29 01:00:00,250.09,4862.75,1273.75,0.0,176.5,3847.75,13028.25,14559.75,9483.5,204.5,918.25,6070.0,46661.0,0.0,6651.5,48288.75,NaN,NaN,NaN,NaN
2022-11-29 02:00:00,228.17,4874.5,1287.0,0.0,172.0,3847.75,12900.75,14535.5,8909.5,201.5,904.25,5746.25,45967.25,0.0,6430.5,48213.0,NaN,NaN,NaN,NaN
2022-11-29 03:00:00,226.24,4830.25,1286.75,0.0,172.0,3846.25,12892.25,14612.25,8949.5,160.0,899.25,5580.0,46302.25,0.0,6207.0,48667.5,NaN,NaN,NaN,NaN
2022-11-29 04:00:00,235.17,4811.75,1301.75,0.0,172.0,3846.5,12926.25,14612.5,9121.25,155.75,897.0,5264.75,47413.25,0.0,6020.25,50125.0,NaN,NaN,NaN,NaN
2022-11-29 05:00:00,271.89,4782.25,1346.0,0.0,172.0,3844.25,12959.25,14653.25,11196.75,154.5,894.5,4988.75,50466.0,0.0,5902.25,53739.5,NaN,NaN,NaN,NaN
2022-11-29 06:00:00,303.99,4789.5,1482.5,0.0,178.5,3838.25,13354.0,14624.5,13970.75,248.0,962.25,4855.0,57852.0,0.0,5823.5,60226.5,NaN,NaN,NaN,NaN
2022-11-29 07:00:00,396.22,4816.0,1509.0,5.0,188.0,3839.75,14327.0,14642.0,15303.25,977.75,1091.25,4665.0,63265.0,15.5,5723.75,65310.5,NaN,NaN,NaN,NaN
2022-11-29 08:00:00,444.92,4813.75,1445.25,275.0,189.0,3842.75,14787.5,14718.5,15499.5,2304.25,1110.25,4515.0,65883.75,283.5,5593.0,68235.25,NaN,NaN,NaN,NaN
2022-11-29 09:00:00,445.32,4806.25,1404.5,1341.5,189.0,3843.75,15335.0,14891.0,15646.25,1555.75,1283.0,4331.75,66763.75,1046.0,5227.0,69006.75,NaN,NaN,NaN,NaN
2022-11-29 10:00:00,445.91,4810.5,1364.0,2521.75,189.0,3844.0,15539.25,14870.5,15576.25,929.0,1497.25,3789.0,67596.0,2099.75,4571.0,69783.0,NaN,NaN,NaN,NaN
2022-11-29 11:00:00,435.6,4818.0,1477.0,3195.75,189.75,3841.5,15605.0,14936.75,15789.25,1432.75,1344.75,3397.5,68180.0,2858.25,3873.5,70462.75,NaN,NaN,NaN,NaN
2022-11-29 12:00:00,418.05,4827.0,1402.5,3117.75,189.25,3843.0,15579.5,14916.0,15374.0,1695.25,1248.75,3192.75,68200.5,2860.25,3387.5,70214.25,NaN,NaN,NaN,NaN
2022-11-29 13:00:00,424.26,4831.0,1278.75,2480.75,183.0,3842.0,15568.5,14893.25,15366.5,1831.75,1381.75,3103.75,67624.0,2244.75,3288.5,69087.75,NaN,NaN,NaN,NaN
2022-11-29 14:00:00,446.38,4846.75,1247.0,1467.25,179.0,3841.0,15538.5,14818.5,15564.25,2162.5,1410.25,3154.75,66314.5,1323.25,3401.0,67909.5,NaN,NaN,NaN,NaN
2022-11-29 15:00:00,450.7,4882.25,1300.75,456.0,178.0,3840.5,15547.0,14861.75,15626.25,2289.5,1167.0,3555.5,65734.75,492.5,3799.25,66829.5,NaN,NaN,NaN,NaN
2022-11-29 16:00:00,460.04,4901.5,1366.0,16.75,186.5,3839.75,15595.5,14894.75,16027.75,3521.75,1097.5,3999.5,66134.75,72.5,4369.0,67612.5,NaN,NaN,NaN,NaN
2022-11-29 17:00:00,501.1,4900.25,1388.5,0.0,190.0,3840.5,15567.25,14883.25,16216.75,5574.0,1165.5,4284.5,67638.25,0.0,4768.0,69225.75,NaN,NaN,NaN,NaN
2022-11-29 18:00:00,486.86,4917.5,1377.5,0.0,190.25,3842.25,15586.5,14933.25,15896.75,6185.0,1140.0,4278.25,67491.25,0.0,4854.5,69090.0,NaN,NaN,NaN,NaN
2022-11-29 19:00:00,463.82,4914.5,1321.25,0.0,190.0,3843.5,15604.5,14938.5,15671.0,5114.5,1098.25,4051.75,65572.5,0.0,4626.0,67346.25,NaN,NaN,NaN,NaN
2022-11-29 20:00:00,400.0,4906.75,1316.0,0.0,190.0,3844.5,15537.0,14865.0,15394.75,2101.0,1049.5,3677.0,61809.25,0.0,4300.0,64533.5,NaN,NaN,NaN,NaN
2022-11-29 21:00:00,334.9,4897.25,1348.5,0.0,190.0,3843.0,15123.25,14706.75,14429.25,973.5,944.25,3407.5,58361.25,0.0,3962.5,61629.0,NaN,NaN,NaN,NaN
2022-11-29 22:00:00,297.66,4883.25,1276.75,0.0,179.75,3841.25,14650.5,14339.5,13421.75,455.25,924.25,3218.25,54658.0,0.0,3682.0,58823.0,NaN,NaN,NaN,NaN
2022-11-29 23:00:00,280.25,4883.75,1283.25,0.0,178.0,3840.75,14547.25,14219.75,13172.75,504.25,907.0,3236.5,51541.0,0.0,3531.75,55952.75,NaN,NaN,NaN,NaN
2022-11-30 00:00:00,288.45,4852.25,1324.75,0.0,173.25,3842.5,14513.75,14263.25,12017.0,309.75,1112.5,3161.5,50630.25,0.0,3217.75,50568.0,NaN,NaN,NaN,NaN
2022-11-30 01:00:00,279.18,4846.0,1359.75,0.0,173.0,3842.0,14536.5,14304.0,11576.25,189.0,1111.25,3017.75,49093.75,0.0,3271.5,48609.75,NaN,NaN,NaN,NaN
2022-11-30 02:00:00,264.27,4845.0,1354.0,0.0,173.0,3841.5,14527.25,14506.75,10649.25,172.0,1107.75,3029.0,48471.0,0.0,3285.25,48302.0,NaN,NaN,NaN,NaN
2022-11-30 03:00:00,260.79,4835.5,1429.0,0.0,173.0,3841.25,14531.5,14512.0,10242.25,195.25,1113.5,3154.0,48740.25,0.0,3281.0,48679.5,NaN,NaN,NaN,NaN
2022-11-30 04:00:00,267.63,4811.0,1495.5,0.0,178.0,3841.25,14523.5,14575.0,10035.25,196.0,1118.0,3561.5,50199.25,0.0,3307.5,49870.25,NaN,NaN,NaN,NaN
2022-11-30 05:00:00,290.0,4791.25,1402.25,0.0,178.0,3841.0,14530.5,14576.75,12129.75,159.25,1092.75,3881.5,53602.25,0.0,3389.25,53228.5,NaN,NaN,NaN,NaN
2022-11-30 06:00:00,332.28,4785.75,1496.75,0.0,178.75,3835.75,14595.25,14662.0,14664.5,620.25,1142.75,4031.25,60472.0,0.0,3513.75,59254.5,NaN,NaN,NaN,NaN
2022-11-30 07:00:00,434.43,4817.0,1568.75,4.5,186.5,3833.75,15422.75,14585.75,15942.25,1389.25,1290.25,4114.0,64414.5,17.75,3623.75,63696.5,NaN,NaN,NaN,NaN
2022-11-30 08:00:00,478.1,4838.0,1536.75,434.75,190.0,3839.25,15687.25,14899.5,16225.0,4455.25,1219.5,4123.5,67092.25,419.75,3686.5,66440.0,NaN,NaN,NaN,NaN
2022-11-30 09:00:00,478.6,4808.0,1482.5,1739.0,190.0,3839.75,15792.75,15035.25,16689.5,2207.0,1418.75,3732.5,67865.0,1656.5,3484.75,66979.75,NaN,NaN,NaN,NaN
2022-11-30 10:00:00,474.71,4790.75,1522.75,3110.75,190.0,3837.75,15708.0,15228.75,17106.5,1665.75,1534.5,3251.25,68508.25,3185.0,3002.25,68083.75,NaN,NaN,NaN,NaN
2022-11-30 11:00:00,482.52,4836.5,1573.25,3752.75,190.0,3837.0,15667.0,15308.5,17386.75,2157.0,1369.0,2939.25,69023.25,4171.25,2451.75,68992.25,NaN,NaN,NaN,NaN
2022-11-30 12:00:00,449.99,4851.75,1460.5,3628.75,190.0,3837.0,15538.75,15290.75,17503.75,1259.0,1305.75,2879.25,69137.75,4282.0,2111.5,68778.0,NaN,NaN,NaN,NaN
2022-11-30 13:00:00,450.47,4865.75,1510.0,2884.5,189.75,3836.5,15483.75,15454.0,17541.5,1299.25,1236.25,2956.75,68676.0,3542.25,2073.5,67624.25,NaN,NaN,NaN,NaN
2022-11-30 14:00:00,464.24,4880.25,1598.75,1589.75,191.0,3835.5,15469.5,15688.75,17364.5,2557.75,1232.5,3193.5,67654.25,2158.25,2249.0,66365.25,NaN,NaN,NaN,NaN
2022-11-30 15:00:00,458.76,4914.25,1440.5,404.75,192.0,3835.75,15444.0,15819.0,17454.0,2239.0,1240.25,3796.25,67286.0,718.5,2715.75,65435.75,NaN,NaN,NaN,NaN
2022-11-30 16:00:00,478.4,4933.25,1415.5,6.0,191.5,3837.0,15472.5,15830.75,17618.0,2792.75,1248.75,4375.5,68302.5,88.5,3431.25,65794.0,NaN,NaN,NaN,NaN
2022-11-30 17:00:00,503.55,4923.5,1442.75,0.0,191.0,3836.5,15419.0,15845.0,17389.5,4654.0,1251.5,4695.5,69013.25,0.0,4074.0,66927.0,NaN,NaN,NaN,NaN
2022-11-30 18:00:00,495.2,4930.5,1450.25,0.0,191.25,3837.0,15423.75,15801.0,17007.25,4698.25,1245.5,4711.5,68238.5,0.0,4407.5,66919.5,NaN,NaN,NaN,NaN
2022-11-30 19:00:00,465.14,4920.5,1398.25,0.0,191.5,3838.5,15445.25,15838.5,16952.5,2895.0,1244.5,4545.5,65942.25,0.0,4428.0,65516.0,NaN,NaN,NaN,NaN
2022-11-30 20:00:00,413.9,4904.75,1396.75,0.0,191.0,3839.25,15473.25,15823.5,14948.75,2047.0,1147.75,4468.5,62891.5,0.0,4234.25,62440.5,NaN,NaN,NaN,NaN
2022-11-30 21:00:00,344.2,4895.0,1365.25,0.0,158.75,3836.5,14593.0,15707.25,13860.5,579.75,1011.75,4510.75,60539.25,0.0,3948.25,59320.25,NaN,NaN,NaN,NaN
2022-11-30 22:00:00,316.86,4892.5,1329.0,0.0,133.0,3838.0,14528.5,15409.25,12828.0,389.75,957.75,4431.75,58018.25,0.0,3634.75,56527.5,NaN,NaN,NaN,NaN
2022-11-30 23:00:00,277.18,4881.5,1320.0,0.0,133.0,3838.25,14551.0,15159.0,11770.0,239.25,950.0,4148.25,54039.25,0.0,3339.25,53940.0,NaN,NaN,NaN,NaN
2022-12-01 00:00:00,292.06,4813.25,1360.0,0.0,132.0,3746.0,14452.75,15122.5,10858.25,197.5,1061.75,3831.0,51353.5,0.0,3793.25,51889.25,NaN,NaN,NaN,NaN
2022-12-01 01:00:00,291.43,4820.5,1347.25,0.0,142.5,3650.0,14465.5,15029.75,9435.0,197.25,1082.25,3797.0,49937.0,0.0,3786.75,50130.25,NaN,NaN,NaN,NaN
2022-12-01 02:00:00,284.76,4807.5,1396.5,0.0,153.0,3649.5,14462.0,14936.75,9080.5,210.25,1098.25,3729.0,48751.25,0.0,3818.5,49667.5,NaN,NaN,NaN,NaN
2022-12-01 03:00:00,274.8,4790.75,1405.5,0.0,153.0,3647.25,14447.25,14935.75,9061.75,239.75,1094.0,3965.5,49209.0,0.0,3873.0,50163.25,NaN,NaN,NaN,NaN
2022-12-01 04:00:00,271.91,4733.25,1335.75,0.0,155.75,3645.5,14583.75,15020.5,9234.75,251.5,1100.25,4123.5,50298.75,0.0,4022.0,51820.25,NaN,NaN,NaN,NaN
2022-12-01 05:00:00,283.49,4701.0,1291.75,0.0,164.0,3644.0,14713.5,15178.0,10952.5,254.0,1129.75,4344.75,53945.0,0.0,4220.75,55269.0,NaN,NaN,NaN,NaN
2022-12-01 06:00:00,353.18,4722.0,1288.75,0.0,178.75,3644.5,14808.75,15223.25,13895.0,626.25,1213.25,4617.0,60898.0,0.0,4388.0,61527.75,NaN,NaN,NaN,NaN
2022-12-01 07:00:00,450.84,4756.75,1396.0,3.75,189.0,3682.5,15691.75,15319.0,15646.0,1863.5,1334.5,4746.25,65520.5,19.5,4510.75,65958.75,NaN,NaN,NaN,NaN
2022-12-01 08:00:00,463.55,4775.5,1363.0,338.5,189.25,3728.5,15745.75,15357.25,16563.5,2006.5,1544.5,4810.5,67951.75,590.75,4525.25,68556.25,NaN,NaN,NaN,NaN
2022-12-01 09:00:00,462.15,4786.75,1318.5,1485.25,189.25,3639.25,15774.25,15439.75,17037.5,2493.0,1534.0,4442.0,68751.25,2208.75,4291.25,68991.0,NaN,NaN,NaN,NaN
2022-12-01 10:00:00,453.07,4717.25,1319.25,2804.0,189.25,3641.25,15598.25,15593.75,17091.25,2741.75,1378.5,3884.25,69216.75,4162.75,3815.0,70373.5,NaN,NaN,NaN,NaN
2022-12-01 11:00:00,446.43,4666.5,1281.5,3458.75,189.75,3654.5,15611.25,15647.5,17226.25,2230.5,1369.0,3343.25,69594.0,5350.25,3458.0,71415.75,NaN,NaN,NaN,NaN
2022-12-01 12:00:00,437.88,4676.0,1318.5,3334.5,189.25,3800.0,15732.75,15412.25,16852.0,2222.0,1370.25,3355.0,69513.5,5425.0,3327.0,71352.5,NaN,NaN,NaN,NaN
2022-12-01 13:00:00,446.54,4772.0,1532.5,2649.5,190.5,3829.25,15766.0,15403.75,16721.5,2583.5,1363.25,3536.25,69172.25,4432.75,3448.75,70342.25,NaN,NaN,NaN,NaN
2022-12-01 14:00:00,464.07,4783.75,1413.75,1555.5,191.0,3829.25,15747.25,15390.25,16481.5,2869.5,1358.0,3768.25,68294.25,2667.75,3780.5,69377.5,NaN,NaN,NaN,NaN
2022-12-01 15:00:00,463.1,4788.0,1394.0,462.25,190.25,3828.75,15851.25,15372.5,16519.75,3384.5,1360.0,4175.5,67950.25,918.25,4387.5,68554.25,NaN,NaN,NaN,NaN
2022-12-01 16:00:00,458.04,4799.25,1415.5,10.25,191.0,3827.75,15868.75,15373.0,17069.75,4781.0,1367.0,4434.5,68229.5,99.0,5297.75,68769.0,NaN,NaN,NaN,NaN
2022-12-01 17:00:00,484.07,4821.5,1315.0,0.0,191.0,3827.5,15815.5,15322.5,17169.5,6986.25,1370.5,4798.75,69421.25,0.0,6131.5,70377.25,NaN,NaN,NaN,NaN
2022-12-01 18:00:00,469.79,4852.25,1351.75,0.0,190.25,3826.0,15805.25,14999.75,17146.25,5125.75,1363.5,5034.75,68892.25,0.0,6605.75,69886.0,NaN,NaN,NaN,NaN
2022-12-01 19:00:00,457.89,4856.75,1304.75,0.0,191.0,3827.25,15784.0,14841.25,17132.75,2450.75,1351.0,4915.25,67561.5,0.0,6696.0,67745.75,NaN,NaN,NaN,NaN
2022-12-01 20:00:00,430.8,4833.75,1284.5,0.0,190.75,3828.0,15633.5,14466.5,16498.5,558.5,1352.25,4960.75,63578.5,0.0,6492.25,64197.75,NaN,NaN,NaN,NaN
2022-12-01 21:00:00,379.49,4814.0,1326.0,0.0,189.75,3828.0,14831.0,14244.25,14642.5,451.5,1299.5,4937.5,60718.0,0.0,6211.25,61274.75,NaN,NaN,NaN,NaN
2022-12-01 22:00:00,340.63,4796.25,1229.75,0.0,188.0,3828.25,14746.0,14207.5,13681.5,352.25,1189.25,4787.5,58427.5,0.0,5935.5,58532.75,NaN,NaN,NaN,NaN
2022-12-01 23:00:00,304.55,4791.0,1225.0,0.0,184.25,3824.0,14715.0,14362.5,12546.0,286.25,1167.25,4916.5,55037.75,0.0,5729.5,55534.0,NaN,NaN,NaN,NaN
2022-12-02 00:00:00,306.33,4761.5,1193.75,0.0,179.25,3752.25,14830.25,14620.25,11841.25,202.75,1150.5,4950.25,51575.0,0.0,4918.25,52558.75,NaN,NaN,NaN,NaN
2022-12-02 01:00:00,294.19,4795.5,1179.75,0.0,179.5,3690.0,14880.25,14600.75,10791.25,172.5,1150.25,5244.0,50366.75,0.0,5181.5,50741.0,NaN,NaN,NaN,NaN
2022-12-02 02:00:00,299.1,4813.0,1199.25,0.0,179.5,3637.25,14675.25,14600.0,10325.75,187.75,1131.25,5726.25,49413.5,0.0,5524.5,50398.25,NaN,NaN,NaN,NaN
2022-12-02 03:00:00,298.97,4797.5,1240.0,0.0,179.0,3640.0,14326.75,14528.25,10303.75,227.75,1128.75,6303.75,49736.0,0.0,5880.5,50959.0,NaN,NaN,NaN,NaN
2022-12-02 04:00:00,300.72,4786.5,1237.25,0.0,182.75,3681.25,14192.5,14475.5,10974.25,167.5,1139.0,6814.5,50894.25,0.0,6305.0,52659.5,NaN,NaN,NaN,NaN
2022-12-02 05:00:00,313.82,4776.5,1300.5,0.0,188.75,3687.75,14203.25,14290.5,11203.75,218.5,1147.75,7682.75,53633.0,0.0,6864.75,55723.5,NaN,NaN,NaN,NaN
2022-12-02 06:00:00,361.55,4773.75,1296.0,0.0,189.0,3808.75,14317.0,14295.25,12834.25,551.0,1208.25,8888.5,60283.0,0.0,7594.0,61601.5,NaN,NaN,NaN,NaN
2022-12-02 07:00:00,413.6,4795.75,1317.0,2.0,189.0,3821.75,14823.25,14212.75,13745.0,2064.5,1323.5,9976.25,65606.25,11.25,8366.25,66192.5,NaN,NaN,NaN,NaN
2022-12-02 08:00:00,442.66,4815.25,1458.75,93.5,189.0,3821.25,14841.25,14205.5,13898.0,5469.5,1328.25,11158.5,68580.5,273.0,9160.75,69158.25,NaN,NaN,NaN,NaN
2022-12-02 09:00:00,433.19,4803.5,1374.75,536.75,189.0,3821.25,14865.25,14319.5,13949.75,5561.75,1329.75,11252.25,68980.0,1098.5,9769.0,69725.5,NaN,NaN,NaN,NaN
2022-12-02 10:00:00,427.34,4800.75,1535.0,1198.75,189.0,3821.5,14862.75,14012.25,14041.5,4656.25,1341.75,11560.25,69501.5,2180.5,10092.5,70865.5,NaN,NaN,NaN,NaN
2022-12-02 11:00:00,409.66,4795.5,1362.0,1679.5,189.0,3822.0,14849.75,14106.5,14082.75,3072.25,1359.75,12184.0,70090.25,2914.75,10476.75,71585.5,NaN,NaN,NaN,NaN
2022-12-02 12:00:00,403.96,4815.0,1327.0,1789.75,189.0,3823.0,14836.0,14230.5,14085.5,1085.0,1363.5,13226.75,70456.5,2980.75,11225.5,71401.5,NaN,NaN,NaN,NaN
2022-12-02 13:00:00,384.3,4833.75,1196.5,1552.5,189.75,3822.5,14845.5,14201.0,13777.0,410.25,1412.75,15020.25,69568.0,2407.25,12408.0,70312.0,NaN,NaN,NaN,NaN
2022-12-02 14:00:00,307.58,4841.75,1199.25,950.75,190.25,3823.0,14814.5,14104.25,13718.75,313.5,1320.0,15740.5,68290.0,1417.75,13503.25,69298.25,NaN,NaN,NaN,NaN
2022-12-02 15:00:00,288.0,4871.0,1188.5,298.25,189.5,3822.25,14797.25,14176.25,13962.25,160.75,1322.5,16441.0,67524.5,502.5,14725.5,68743.75,NaN,NaN,NaN,NaN
2022-12-02 16:00:00,281.82,4891.5,1311.5,8.0,190.0,3756.5,14998.5,14221.0,14198.5,554.0,1420.25,17386.5,68586.0,61.75,16135.5,68954.0,NaN,NaN,NaN,NaN
2022-12-02 17:00:00,379.14,4911.5,1241.5,0.0,190.0,3661.5,14905.75,14700.25,15204.75,1070.0,1520.75,17819.0,68957.0,0.0,17213.0,69837.0,NaN,NaN,NaN,NaN
2022-12-02 18:00:00,334.02,4907.5,1215.0,0.0,190.0,3711.5,14718.0,15073.75,15425.25,465.5,1417.0,17880.25,68465.5,0.0,17864.75,69223.0,NaN,NaN,NaN,NaN
2022-12-02 19:00:00,340.04,4919.25,1206.25,0.0,190.0,3796.75,14326.5,15045.0,14253.75,341.0,1215.0,17086.0,66135.0,0.0,18143.0,66637.0,NaN,NaN,NaN,NaN
2022-12-02 20:00:00,252.46,4912.0,1156.0,0.0,190.0,3817.75,13697.75,14869.75,10624.25,42.75,1173.75,16977.5,63278.0,0.0,17954.5,62963.5,NaN,NaN,NaN,NaN
2022-12-02 21:00:00,333.53,4896.75,1194.5,0.0,190.0,3823.25,13113.5,14885.75,10466.5,157.25,1158.25,16591.25,60198.5,0.0,17645.25,60186.0,NaN,NaN,NaN,NaN
2022-12-02 22:00:00,278.62,4888.25,1159.75,0.0,189.5,3782.75,13039.0,14743.0,9688.25,217.25,1162.25,16611.75,57179.75,0.0,17080.75,57669.0,NaN,NaN,NaN,NaN
2022-12-02 23:00:00,256.24,4874.75,1128.0,0.0,186.0,3711.25,12383.5,14489.0,8683.5,62.75,1166.75,16682.25,54483.75,0.0,16607.5,54737.75,NaN,NaN,NaN,NaN
2022-12-03 00:00:00,238.15,4854.0,1142.5,0.0,186.0,3706.5,11594.25,13531.0,7853.25,33.5,1150.75,16886.0,52351.0,0.0,16677.5,50330.75,NaN,NaN,NaN,NaN
2022-12-03 01:00:00,235.6,4845.75,1149.0,0.0,186.0,3701.25,11583.25,13074.5,7743.75,54.25,1143.75,16921.5,49621.0,0.0,16132.75,48424.5,NaN,NaN,NaN,NaN
2022-12-03 02:00:00,231.77,4850.75,1150.75,0.0,186.0,3690.5,11524.75,12849.25,7782.75,177.0,1143.75,16937.75,48627.5,0.0,15763.0,47812.0,NaN,NaN,NaN,NaN
2022-12-03 03:00:00,223.94,4842.25,1118.25,0.0,185.0,3704.75,11573.75,12814.25,7650.0,177.0,1133.0,16082.5,48475.5,0.0,15318.5,48037.0,NaN,NaN,NaN,NaN
2022-12-03 04:00:00,230.64,4822.25,1117.5,0.0,185.0,3702.75,11559.5,12824.75,7752.0,160.25,1127.25,15231.5,48051.5,0.0,14849.25,48623.0,NaN,NaN,NaN,NaN
2022-12-03 05:00:00,245.0,4804.0,1116.75,0.0,185.0,3705.75,11665.75,12881.75,8072.0,312.0,1129.25,14390.5,48206.5,0.0,14335.75,49114.5,NaN,NaN,NaN,NaN
2022-12-03 06:00:00,252.06,4797.0,1097.0,0.0,185.0,3680.75,11968.5,12881.25,8865.75,215.25,1109.5,13705.5,48939.5,0.0,13849.75,49729.75,NaN,NaN,NaN,NaN
2022-12-03 07:00:00,253.05,4805.25,1076.5,2.0,185.0,3598.5,12682.0,13117.25,9632.5,580.0,1106.0,12894.5,50934.0,18.0,13271.75,51598.25,NaN,NaN,NaN,NaN
2022-12-03 08:00:00,256.93,4817.5,1085.5,108.5,185.25,3594.0,12974.0,13162.75,10858.25,774.0,1162.5,12054.5,54168.25,360.0,12924.5,54811.25,NaN,NaN,NaN,NaN
2022-12-03 09:00:00,281.67,4816.75,1105.75,636.75,185.25,3594.5,13077.5,13116.0,11685.75,2198.25,1157.75,10460.0,57222.5,1528.0,12458.75,57392.25,NaN,NaN,NaN,NaN
2022-12-03 10:00:00,311.3,4835.5,1127.5,1305.5,185.0,3597.5,13104.25,13104.0,12103.25,3769.0,1194.0,9933.5,59459.75,3079.75,11783.5,59884.75,NaN,NaN,NaN,NaN
2022-12-03 11:00:00,316.09,4855.0,1185.75,1731.25,185.0,3604.25,13142.25,13055.25,12224.0,4378.5,1326.0,9463.0,60389.0,4094.75,11268.25,61243.5,NaN,NaN,NaN,NaN
2022-12-03 12:00:00,307.44,4858.25,1203.75,1764.0,185.0,3602.25,13148.0,12974.0,11867.75,2207.75,1339.5,9419.5,60123.75,4265.5,11035.0,60668.75,NaN,NaN,NaN,NaN
2022-12-03 13:00:00,302.5,4875.0,1156.75,1382.25,185.0,3602.5,13136.0,12988.5,12165.25,1408.75,1343.5,9281.75,58378.5,3568.0,11366.5,58950.5,NaN,NaN,NaN,NaN
2022-12-03 14:00:00,315.91,4892.25,1116.75,767.5,185.0,3602.25,13115.5,13029.5,12389.25,1460.5,1337.25,9473.0,57164.75,2206.5,11813.5,57623.25,NaN,NaN,NaN,NaN
2022-12-03 15:00:00,315.91,4907.75,1114.0,203.75,185.0,3601.5,13115.25,13114.75,12543.5,1038.25,1339.75,9456.25,57171.0,808.25,12403.0,57412.0,NaN,NaN,NaN,NaN
2022-12-03 16:00:00,330.92,4931.25,1141.75,5.5,185.0,3600.25,13146.25,13135.25,12798.0,1135.75,1330.25,9379.5,57970.5,91.5,13189.75,58276.25,NaN,NaN,NaN,NaN
2022-12-03 17:00:00,358.73,4934.75,1115.0,0.0,185.0,3596.0,13145.25,12954.75,13135.75,2612.0,1331.5,9704.75,59093.0,0.0,13766.5,60055.25,NaN,NaN,NaN,NaN
2022-12-03 18:00:00,343.1,4953.75,1098.0,0.0,185.0,3599.25,13445.75,12920.0,13174.25,1101.5,1323.25,10313.0,58894.25,0.0,14142.25,60040.0,NaN,NaN,NaN,NaN
2022-12-03 19:00:00,311.74,4948.0,1107.0,0.0,185.0,3599.25,13576.0,12921.25,13219.0,930.5,1330.25,10439.5,57599.25,0.0,14096.5,58057.5,NaN,NaN,NaN,NaN
2022-12-03 20:00:00,290.55,4934.75,1076.5,0.0,185.0,3602.5,13627.25,12946.25,12396.75,552.25,1162.0,10953.25,54467.0,0.0,13758.25,54852.75,NaN,NaN,NaN,NaN
2022-12-03 21:00:00,289.9,4929.25,1054.0,0.0,185.0,3607.5,13544.25,12940.0,11125.75,319.75,1132.0,11190.25,52629.5,0.0,13485.0,52989.0,NaN,NaN,NaN,NaN
2022-12-03 22:00:00,278.7,4922.75,1052.0,0.0,185.0,3607.5,13429.0,12812.25,10911.25,460.75,1129.5,11321.25,51719.25,0.0,13273.75,51976.5,NaN,NaN,NaN,NaN
2022-12-03 23:00:00,244.49,4897.5,1025.0,0.0,185.0,3603.25,12574.5,12767.75,9758.0,194.25,1132.5,11514.75,49138.25,0.0,13210.25,49807.5,NaN,NaN,NaN,NaN
2022-12-04 00:00:00,230.7,4869.75,992.0,0.0,180.0,3586.25,12210.5,12509.0,8707.75,496.25,1030.75,11230.75,46990.0,0.0,13459.0,46891.0,NaN,NaN,NaN,NaN
2022-12-04 01:00:00,219.92,4859.5,978.5,0.0,179.0,3588.5,12157.5,12157.75,8493.0,239.5,1014.25,11151.75,45282.0,0.0,13709.25,45063.25,NaN,NaN,NaN,NaN
2022-12-04 02:00:00,231.19,4851.25,973.25,0.0,179.0,3589.0,12121.0,11752.25,8504.25,209.0,1014.25,11404.5,44747.5,0.0,14100.25,44778.5,NaN,NaN,NaN,NaN
2022-12-04 03:00:00,208.81,4837.25,979.25,0.0,179.75,3589.75,12119.25,11616.25,8677.5,234.0,1018.75,11516.75,44965.25,0.0,14470.25,45187.5,NaN,NaN,NaN,NaN
2022-12-04 04:00:00,208.52,4813.75,986.75,0.0,183.0,3589.25,12002.25,11445.5,9003.75,203.75,1029.5,11579.0,44782.75,0.0,14843.0,45853.75,NaN,NaN,NaN,NaN
2022-12-04 05:00:00,213.08,4793.5,977.0,0.0,189.25,3586.25,11955.0,11467.25,8995.75,159.75,1033.25,11383.5,44638.25,0.0,15013.75,46327.0,NaN,NaN,NaN,NaN
2022-12-04 06:00:00,211.84,4794.5,1018.25,0.0,190.0,3586.5,11981.25,11519.5,9013.75,111.0,1041.0,11250.0,44426.5,0.0,15183.75,45963.0,NaN,NaN,NaN,NaN
2022-12-04 07:00:00,218.86,4801.75,1009.75,2.0,189.0,3584.0,11978.0,11219.25,9313.25,107.25,1068.25,11558.25,45775.0,9.0,15155.75,47048.5,NaN,NaN,NaN,NaN
2022-12-04 08:00:00,255.3,4808.75,1043.5,213.25,189.0,3584.0,11549.75,10974.5,9907.5,85.0,1264.25,12050.75,48401.5,491.25,15320.5,49939.0,NaN,NaN,NaN,NaN
2022-12-04 09:00:00,288.83,4799.0,1008.5,947.0,189.0,3584.5,11796.75,10948.25,10376.0,141.0,1294.0,11939.0,51978.5,1846.0,15150.0,52901.0,NaN,NaN,NaN,NaN
2022-12-04 10:00:00,300.73,4809.5,1039.0,1823.25,189.0,3585.25,12034.75,10848.25,10620.25,970.0,1298.25,11588.0,54838.75,3211.0,14646.75,56091.25,NaN,NaN,NaN,NaN
2022-12-04 11:00:00,306.57,4813.5,1052.0,2426.5,189.0,3584.25,12028.5,10712.0,11217.0,2742.0,1298.0,11227.0,57538.25,3951.5,14031.75,58350.0,NaN,NaN,NaN,NaN
2022-12-04 12:00:00,304.85,4829.0,1026.75,2611.75,189.0,3581.5,12032.5,11403.75,11470.75,1369.25,1294.5,11666.0,57824.5,3808.5,13798.0,57986.0,NaN,NaN,NaN,NaN
2022-12-04 13:00:00,301.53,4853.5,995.75,1834.75,189.0,3582.25,12015.25,11923.75,11627.0,646.0,1296.75,12216.0,56135.75,2958.75,14374.25,55972.75,NaN,NaN,NaN,NaN
2022-12-04 14:00:00,306.07,4862.75,988.25,850.0,189.0,3614.25,12025.25,12225.75,11989.75,700.75,1303.25,13057.5,54847.75,1759.25,14969.5,54846.25,NaN,NaN,NaN,NaN
2022-12-04 15:00:00,308.24,4880.25,1018.75,214.0,189.0,3615.25,12115.0,12328.25,12503.0,96.0,1304.75,13460.25,54746.25,637.0,15722.25,55005.5,NaN,NaN,NaN,NaN
2022-12-04 16:00:00,324.9,4899.25,1061.75,5.75,189.0,3612.25,12625.75,12354.25,13098.0,1150.25,1346.75,14005.25,56220.0,59.5,16642.25,56126.75,NaN,NaN,NaN,NaN
2022-12-04 17:00:00,347.42,4916.25,1007.5,0.0,189.0,3612.0,12789.0,12482.0,13283.25,1826.5,1348.5,14892.5,58008.0,0.0,17231.5,58478.5,NaN,NaN,NaN,NaN
2022-12-04 18:00:00,304.86,4939.25,1051.5,0.0,189.0,3614.75,13308.5,12546.0,12959.0,872.5,1345.25,15170.0,58572.0,0.0,17329.0,58966.0,NaN,NaN,NaN,NaN
2022-12-04 19:00:00,302.0,4927.0,1057.25,0.0,189.0,3613.75,13423.25,12621.0,11708.0,910.75,1348.25,14914.5,57014.5,0.0,17173.75,57205.75,NaN,NaN,NaN,NaN
2022-12-04 20:00:00,261.63,4898.25,1010.5,0.0,189.0,3612.75,13681.25,12448.75,10341.75,1126.5,1349.5,14692.25,55063.25,0.0,16691.75,54977.0,NaN,NaN,NaN,NaN
2022-12-04 21:00:00,279.2,4884.0,1037.5,0.0,188.25,3610.5,13958.75,12315.5,9745.25,757.5,1345.25,14296.0,53492.25,0.0,16252.25,53863.0,NaN,NaN,NaN,NaN
2022-12-04 22:00:00,265.9,4870.5,969.25,0.0,183.0,3612.25,13994.25,12452.25,8959.75,392.25,1332.75,13902.0,53046.25,0.0,15777.0,53692.0,NaN,NaN,NaN,NaN
2022-12-04 23:00:00,243.17,4848.0,964.0,0.0,181.5,3614.5,13692.5,12398.25,8682.5,237.25,1329.75,13840.0,50825.5,0.0,15461.75,51599.0,NaN,NaN,NaN,NaN
2022-12-05 00:00:00,205.16,4844.75,940.25,0.0,175.75,3606.5,14128.5,12403.75,6680.75,68.25,1195.75,13489.5,49346.0,0.0,14430.25,49048.5,NaN,NaN,NaN,NaN
2022-12-05 01:00:00,195.89,4826.25,937.75,0.0,157.75,3567.5,14241.25,11196.0,6143.0,203.75,1148.5,12743.25,47274.0,0.0,14509.0,47324.5,NaN,NaN,NaN,NaN
2022-12-05 02:00:00,183.22,4829.5,945.5,0.0,148.25,3599.25,14223.25,10190.75,6072.0,216.0,1146.75,13091.5,47243.5,0.0,14348.5,47304.25,NaN,NaN,NaN,NaN
2022-12-05 03:00:00,181.68,4820.25,961.25,0.0,147.0,3608.0,14398.5,10524.0,6076.5,205.25,1198.25,12793.5,47953.0,0.0,14183.0,48029.25,NaN,NaN,NaN,NaN
2022-12-05 04:00:00,163.66,4795.0,966.25,0.0,154.0,3598.75,14036.25,11057.5,6343.0,209.25,1218.5,11842.75,49631.5,0.0,13972.5,49907.0,NaN,NaN,NaN,NaN
2022-12-05 05:00:00,250.61,4789.0,1007.75,0.0,164.0,3608.75,14641.25,12445.5,7883.5,480.5,1230.0,12023.75,52424.25,0.0,13673.0,53385.0,NaN,NaN,NaN,NaN
2022-12-05 06:00:00,292.0,4793.25,1033.5,0.0,174.5,3728.5,15204.75,12972.75,11877.25,965.25,1251.0,12057.25,60032.0,0.0,13387.75,60104.0,NaN,NaN,NaN,NaN
2022-12-05 07:00:00,368.99,4792.75,1051.25,1.5,183.75,3791.0,15417.0,13493.75,13426.25,1212.75,1387.5,11716.25,65933.25,5.5,12905.5,64954.25,NaN,NaN,NaN,NaN
2022-12-05 08:00:00,406.33,4798.25,1139.5,136.25,184.0,3791.0,15387.25,13664.75,14014.5,3087.25,1509.25,11320.25,68899.25,202.75,12468.0,67755.75,NaN,NaN,NaN,NaN
2022-12-05 09:00:00,400.49,4789.5,1093.5,641.75,184.0,3788.5,15406.75,13727.5,14626.5,2274.75,1511.25,11077.75,69837.5,724.0,11901.75,68398.0,NaN,NaN,NaN,NaN
2022-12-05 10:00:00,399.65,4781.5,1109.5,1211.75,184.0,3777.25,15719.0,13707.5,14897.5,1920.0,1421.25,10502.75,70422.25,1327.5,11301.5,69993.25,NaN,NaN,NaN,NaN
2022-12-05 11:00:00,421.93,4786.25,1195.25,1662.5,184.0,3778.25,15840.25,13686.25,14972.5,2428.25,1433.25,10173.5,71325.75,1794.25,10728.5,71300.5,NaN,NaN,NaN,NaN
2022-12-05 12:00:00,404.91,4784.25,1061.75,1977.75,184.0,3786.25,15799.0,13570.75,15202.75,1038.5,1425.0,9813.75,71014.0,1856.75,10321.0,71043.25,NaN,NaN,NaN,NaN
2022-12-05 13:00:00,392.96,4817.0,1096.5,1713.5,184.25,3787.25,15759.0,13354.75,15491.75,1627.75,1386.75,9549.5,70763.5,1515.5,10243.0,69675.75,NaN,NaN,NaN,NaN
2022-12-05 14:00:00,413.46,4820.25,1167.25,1101.75,184.75,3788.75,15716.25,13321.5,16430.0,1613.5,1386.0,9180.0,69139.25,955.0,10200.5,68735.0,NaN,NaN,NaN,NaN
2022-12-05 15:00:00,429.91,4844.75,1237.25,353.5,184.25,3788.0,15717.75,13659.5,16604.25,3052.75,1373.75,8974.0,68588.0,416.25,10179.0,68352.25,NaN,NaN,NaN,NaN
2022-12-05 16:00:00,430.73,4834.25,1169.0,15.75,184.25,3786.25,15797.75,13729.75,16354.5,3920.5,1385.75,9082.25,68816.25,46.25,10059.75,68024.5,NaN,NaN,NaN,NaN
2022-12-05 17:00:00,444.98,4831.25,1325.75,0.0,184.0,3787.5,15783.5,13708.75,16071.75,5728.75,1386.75,8614.25,69675.25,0.0,9980.75,69395.5,NaN,NaN,NaN,NaN
2022-12-05 18:00:00,433.15,4841.0,1221.25,0.0,184.0,3786.75,15654.75,13988.5,15981.5,5447.0,1386.75,8268.5,68982.25,0.0,9841.5,69040.5,NaN,NaN,NaN,NaN
2022-12-05 19:00:00,427.92,4834.0,1212.25,0.0,183.75,3785.75,15391.0,14060.25,15636.25,2990.5,1379.75,7689.0,67160.5,0.0,9811.25,67060.75,NaN,NaN,NaN,NaN
2022-12-05 20:00:00,392.3,4814.0,1195.5,0.0,185.0,3785.75,15384.0,13898.25,15174.25,1712.0,1374.25,7393.75,63758.5,0.0,9374.25,63514.75,NaN,NaN,NaN,NaN
2022-12-05 21:00:00,333.11,4814.5,1201.75,0.0,185.0,3786.0,15395.25,13697.0,14804.25,567.5,1294.25,7875.75,60913.5,0.0,8739.5,60760.5,NaN,NaN,NaN,NaN
2022-12-05 22:00:00,324.56,4813.25,1244.0,0.0,179.25,3786.0,15358.25,13689.25,13579.0,458.75,1186.0,7400.75,58366.75,0.0,8301.75,58265.25,NaN,NaN,NaN,NaN
2022-12-05 23:00:00,292.62,4802.5,1272.0,0.0,171.0,3786.0,14989.0,13871.0,11246.75,343.5,1159.75,6934.5,54841.75,0.0,8115.75,55651.75,NaN,NaN,NaN,NaN
2022-12-06 00:00:00,298.1,4786.25,1228.5,0.0,171.0,3782.75,14798.25,13997.25,9183.5,73.0,1120.25,7169.75,52073.0,0.0,6810.75,51129.75,NaN,NaN,NaN,NaN
2022-12-06 01:00:00,277.91,4770.25,1235.5,0.0,171.0,3782.75,14491.0,14012.75,8724.0,160.25,1128.25,6807.0,50062.25,0.0,6817.75,49602.25,NaN,NaN,NaN,NaN
2022-12-06 02:00:00,275.9,4775.75,1216.0,0.0,171.0,3782.5,13858.5,13971.25,8580.0,158.75,1127.25,5885.25,49167.5,0.0,6464.75,49218.0,NaN,NaN,NaN,NaN
2022-12-06 03:00:00,277.69,4741.5,1224.25,0.0,171.75,3782.0,13718.0,14092.5,9119.5,164.0,1119.75,5529.5,49320.25,0.0,5944.25,49935.75,NaN,NaN,NaN,NaN
2022-12-06 04:00:00,287.38,4718.25,1212.5,0.0,176.75,3780.5,13925.0,14358.25,10328.5,180.5,1131.75,4510.75,50671.5,0.0,5432.5,51733.5,NaN,NaN,NaN,NaN
2022-12-06 05:00:00,309.23,4705.75,1187.0,0.0,183.75,3779.0,14650.75,14540.0,11974.75,105.75,1138.0,3914.75,53439.25,0.0,4919.5,54614.75,NaN,NaN,NaN,NaN
2022-12-06 06:00:00,370.99,4714.75,1251.75,0.0,186.0,3778.75,14566.0,14399.75,14791.75,728.25,1092.75,4034.75,59263.25,0.0,4546.25,60711.5,NaN,NaN,NaN,NaN
2022-12-06 07:00:00,454.93,4731.5,1239.25,1.25,186.75,3784.5,15070.75,14439.25,16120.75,2586.75,1323.25,4254.75,64534.25,11.25,4379.0,65156.75,NaN,NaN,NaN,NaN
2022-12-06 08:00:00,455.68,4730.75,1205.0,238.5,187.0,3787.0,15655.0,14605.5,16709.75,2214.5,1376.5,4145.5,67360.75,374.25,4324.5,67958.0,NaN,NaN,NaN,NaN
2022-12-06 09:00:00,459.95,4710.25,1200.5,976.5,187.0,3787.25,15762.25,14586.5,17005.0,2713.25,1371.75,3540.25,68069.5,1512.5,4226.0,68548.75,NaN,NaN,NaN,NaN
2022-12-06 10:00:00,453.2,4734.0,1263.5,1964.0,187.0,3788.25,15843.5,14600.5,16958.75,3283.75,1376.0,3040.5,68747.5,2883.75,4150.25,70183.5,NaN,NaN,NaN,NaN
2022-12-06 11:00:00,460.17,4748.5,1186.0,2852.25,186.5,3784.5,15804.5,14600.25,16885.0,1938.0,1400.0,2990.5,69137.0,3850.0,4116.5,71412.75,NaN,NaN,NaN,NaN
2022-12-06 12:00:00,453.97,4783.75,1159.75,3150.5,187.0,3785.25,15741.0,14472.0,16888.5,961.25,1411.5,3018.0,68863.5,4062.75,4355.0,71228.75,NaN,NaN,NaN,NaN
2022-12-06 13:00:00,446.1,4813.75,1201.5,2844.5,187.0,3783.5,15808.5,14427.25,16969.75,1189.75,1338.25,3111.5,68305.0,3338.75,4807.75,69875.75,NaN,NaN,NaN,NaN
2022-12-06 14:00:00,459.29,4811.25,1277.75,1786.5,187.0,3782.0,15820.0,14393.75,16933.5,1820.0,1295.5,3424.5,66982.75,2001.75,5457.0,68752.0,NaN,NaN,NaN,NaN
2022-12-06 15:00:00,453.84,4820.25,1354.0,555.0,187.0,3780.75,15798.5,14432.0,17008.25,3502.5,1320.25,4102.5,66384.5,733.25,6521.5,68058.0,NaN,NaN,NaN,NaN
2022-12-06 16:00:00,461.53,4838.75,1325.75,17.5,187.0,3782.25,15773.5,14465.5,16975.25,4459.5,1377.75,5873.5,67127.5,82.25,7893.25,68245.5,NaN,NaN,NaN,NaN
2022-12-06 17:00:00,479.4,4855.0,1371.0,0.0,187.0,3752.5,15750.5,14327.25,17078.25,5187.0,1362.75,7428.0,68262.25,0.0,9217.5,69520.75,NaN,NaN,NaN,NaN
2022-12-06 18:00:00,453.93,4864.5,1318.25,0.0,187.0,3736.25,15759.25,14270.0,17135.25,2910.5,1232.25,8852.0,67762.0,0.0,10341.75,69164.0,NaN,NaN,NaN,NaN
2022-12-06 19:00:00,418.26,4856.0,1263.25,0.0,187.0,3661.75,15352.25,13988.5,17307.75,1631.75,1203.25,10257.75,66257.0,0.0,11227.75,66983.75,NaN,NaN,NaN,NaN
2022-12-06 20:00:00,368.95,4847.5,1245.75,0.0,187.0,3587.75,14996.25,14053.5,16633.25,782.5,1080.25,11824.0,63353.5,0.0,11659.5,63362.5,NaN,NaN,NaN,NaN
2022-12-06 21:00:00,319.0,4836.0,1184.5,0.0,187.0,3594.0,14719.25,14075.25,15140.0,291.25,1090.75,12936.25,60825.5,0.0,12164.0,60463.25,NaN,NaN,NaN,NaN
2022-12-06 22:00:00,304.98,4838.75,1132.75,0.0,178.75,3603.75,14960.5,13974.25,11583.25,37.5,1066.0,13551.0,58252.25,0.0,12821.0,57850.25,NaN,NaN,NaN,NaN
2022-12-06 23:00:00,274.28,4834.75,1131.75,0.0,173.0,3604.0,14323.5,13883.5,8946.25,17.25,1066.75,14017.75,54454.5,0.0,13853.0,55164.5,NaN,NaN,NaN,NaN
2022-12-07 00:00:00,264.59,4815.75,1165.0,0.0,173.0,3600.5,13988.75,13398.75,7936.25,86.5,1145.5,14693.0,50967.5,0.0,15839.0,51898.5,NaN,NaN,NaN,NaN
2022-12-07 01:00:00,235.72,4796.25,1210.75,0.0,173.0,3604.0,13698.75,12514.75,8105.25,115.5,1135.5,16407.0,49949.75,0.0,16601.0,50013.5,NaN,NaN,NaN,NaN
2022-12-07 02:00:00,203.91,4800.5,1267.5,0.0,173.25,3600.0,13536.0,12011.25,7444.5,245.25,1139.5,17351.25,49513.5,0.0,17515.5,49733.0,NaN,NaN,NaN,NaN
2022-12-07 03:00:00,199.96,4792.25,1279.5,0.0,181.25,3601.5,13532.5,12151.75,7613.75,219.5,1246.25,17743.0,49737.25,0.0,18473.5,50287.75,NaN,NaN,NaN,NaN
2022-12-07 04:00:00,230.18,4771.5,1241.75,0.0,186.0,3602.0,13544.25,12315.0,8380.25,222.25,1241.5,18307.75,50826.0,0.0,19468.75,51693.0,NaN,NaN,NaN,NaN
2022-12-07 05:00:00,259.4,4756.0,1214.5,0.0,186.25,3601.25,13819.5,12646.25,9431.0,162.5,1154.5,18858.0,53686.5,0.0,20432.5,54651.25,NaN,NaN,NaN,NaN
2022-12-07 06:00:00,254.05,4750.5,1223.75,0.0,188.0,3602.0,13881.0,12954.75,11464.5,217.25,1149.5,19869.5,61069.0,0.0,21710.5,60376.0,NaN,NaN,NaN,NaN
2022-12-07 07:00:00,345.01,4776.5,1201.75,1.75,188.0,3601.75,14471.25,12496.0,14341.25,678.0,1459.0,20550.0,65732.25,17.5,22287.0,65263.5,NaN,NaN,NaN,NaN
2022-12-07 08:00:00,383.29,4781.5,1142.75,440.5,188.0,3604.75,14178.75,12553.5,15035.5,1274.25,1683.0,20750.25,68146.75,518.5,22807.75,68341.25,NaN,NaN,NaN,NaN
2022-12-07 09:00:00,345.7,4775.25,1133.75,2441.25,188.0,3604.0,14173.5,12608.0,15278.25,1197.75,1802.25,19695.5,68850.0,2255.75,23186.0,69046.0,NaN,NaN,NaN,NaN
2022-12-07 10:00:00,325.23,4777.5,1117.5,4712.5,188.0,3603.0,14349.25,12644.75,15573.0,503.0,1852.75,19000.0,69619.75,4402.25,23234.0,70773.5,NaN,NaN,NaN,NaN
2022-12-07 11:00:00,305.01,4779.25,1122.25,6144.0,188.0,3602.75,14403.75,12676.5,15208.75,377.0,1850.0,17994.5,70005.5,5795.75,22943.25,72148.5,NaN,NaN,NaN,NaN
2022-12-07 12:00:00,296.85,4785.0,1115.25,6165.25,188.0,3601.75,14568.0,12650.0,15274.0,230.0,1852.0,17288.75,70147.25,5940.75,22652.25,72048.5,NaN,NaN,NaN,NaN
2022-12-07 13:00:00,323.15,4796.75,1100.25,4929.25,188.0,3602.5,14579.25,12694.75,15459.0,1304.75,1847.5,16556.0,69114.25,5004.25,22460.5,70886.75,NaN,NaN,NaN,NaN
2022-12-07 14:00:00,408.06,4806.25,1107.75,3037.75,188.0,3602.5,14656.0,12633.75,15652.25,785.75,1937.5,15609.75,67635.25,3105.0,21671.0,69768.5,NaN,NaN,NaN,NaN
2022-12-07 15:00:00,436.74,4816.5,1105.5,971.25,188.0,3626.25,14711.25,12530.0,16445.25,2675.25,2017.5,14544.25,67133.25,1037.5,20396.25,68952.25,NaN,NaN,NaN,NaN
2022-12-07 16:00:00,454.07,4830.75,1159.75,29.0,188.0,3647.5,14687.75,13335.0,16837.25,4672.25,2023.5,14256.75,67863.0,90.5,19082.25,69129.0,NaN,NaN,NaN,NaN
2022-12-07 17:00:00,419.26,4815.5,1148.75,0.0,186.75,3648.25,14834.0,14206.25,16965.5,4494.0,1804.5,14167.5,69164.5,0.0,17755.25,70400.75,NaN,NaN,NaN,NaN
2022-12-07 18:00:00,400.0,4755.25,1140.75,0.0,188.0,3624.75,14980.0,14905.5,15871.5,3343.25,1393.0,13588.25,68212.0,0.0,16506.25,69950.25,NaN,NaN,NaN,NaN
2022-12-07 19:00:00,388.38,4754.5,1099.25,0.0,186.5,3585.25,15064.5,15376.75,15131.5,1852.5,1338.0,13261.25,66761.75,0.0,15478.75,67733.75,NaN,NaN,NaN,NaN
2022-12-07 20:00:00,408.82,4750.25,1109.5,0.0,185.0,3560.5,15142.0,15198.0,14755.0,2052.5,1209.5,12545.5,63556.25,0.0,14428.0,63955.25,NaN,NaN,NaN,NaN
2022-12-07 21:00:00,327.15,4737.25,1131.0,0.0,185.0,3536.5,15136.5,15133.5,14054.75,842.0,1160.75,12621.75,59741.5,0.0,13493.0,61041.5,NaN,NaN,NaN,NaN
2022-12-07 22:00:00,300.72,4721.75,1091.0,0.0,185.0,3531.5,15050.75,14974.5,12830.75,266.5,1160.75,12796.5,56938.75,0.0,12640.0,58348.25,NaN,NaN,NaN,NaN
2022-12-07 23:00:00,280.56,4717.25,1063.0,0.0,185.0,3532.25,14850.25,14780.25,10187.75,34.25,1157.5,13021.75,54207.0,0.0,11889.5,55277.5,NaN,NaN,NaN,NaN
2022-12-08 00:00:00,286.56,4702.5,1100.0,0.0,185.0,3570.25,14332.0,14539.75,9190.25,224.25,1177.25,13089.0,52397.0,0.0,13930.5,52115.5,71.1,242.91,89.13,139.57
2022-12-08 01:00:00,280.78,4718.5,1122.25,0.0,185.5,3599.5,14044.0,14337.25,9119.5,219.75,1176.5,13461.5,51014.0,0.0,14064.0,50196.0,71.1,242.91,89.13,139.57
2022-12-08 02:00:00,269.67,4707.75,1118.75,0.0,185.0,3603.25,13816.75,14015.5,8907.0,213.25,1168.25,12257.25,50344.0,0.0,14005.5,49975.5,71.1,242.91,89.13,139.57
2022-12-08 03:00:00,269.91,4675.25,1076.0,0.0,185.5,3628.25,13809.75,13858.75,8950.5,200.25,1144.75,12832.25,50646.25,0.0,13825.5,50582.0,71.1,242.91,89.13,139.57
2022-12-08 04:00:00,275.49,4662.5,1076.75,0.0,185.25,3629.5,13897.5,13880.0,9180.25,200.25,1156.25,13518.5,51840.0,0.0,13680.5,51943.75,71.1,242.91,89.13,139.57
2022-12-08 05:00:00,299.79,4647.5,1062.25,0.0,185.0,3627.5,13973.0,14583.0,10261.75,210.5,1156.5,13756.5,54676.75,0.0,13329.0,55141.5,71.1,242.91,89.13,139.57
2022-12-08 06:00:00,326.0,4634.5,1097.5,0.0,185.0,3662.25,14872.0,14909.75,12325.25,617.75,1151.25,13207.0,60178.5,0.0,12956.5,61407.25,71.1,242.91,89.13,135.0
2022-12-08 07:00:00,400.09,4644.25,1135.75,1.75,185.0,3754.25,15415.75,14884.75,14455.0,520.5,1221.5,13326.5,65781.5,8.75,12245.5,65320.25,71.1,242.91,89.13,135.0
2022-12-08 08:00:00,447.43,4640.25,1147.25,437.25,185.0,3771.75,15266.0,14990.25,15494.75,1849.75,1344.25,11696.0,67362.75,455.0,11608.75,68213.0,71.1,242.91,89.13,135.0
2022-12-08 09:00:00,454.09,4650.5,1080.75,2285.25,185.0,3771.75,15469.5,15248.25,16216.5,1506.25,1339.5,10149.25,67220.5,1926.25,10711.25,68802.75,71.1,242.91,89.13,135.0
2022-12-08 10:00:00,447.85,4654.5,1018.5,4366.0,185.0,3762.5,15601.5,15341.75,15992.25,682.75,1342.75,8820.75,68454.0,3742.0,9728.5,70154.75,71.1,242.91,89.13,135.0
2022-12-08 11:00:00,446.22,4656.0,1025.25,5634.25,185.0,3678.75,15774.75,15253.5,15322.75,1116.25,1327.75,7837.25,68834.0,4973.75,8717.25,71264.0,71.1,242.91,89.13,135.0
2022-12-08 12:00:00,448.47,4665.5,1012.25,5600.75,185.0,3642.5,15817.5,15226.25,15435.75,294.25,1331.25,6812.0,69098.75,5223.5,7697.75,71131.0,71.1,242.91,89.13,135.0
2022-12-08 13:00:00,448.26,4678.75,1013.5,4473.0,185.0,3643.25,15775.75,15303.75,15443.0,736.25,1347.0,5675.5,68036.5,4477.5,6714.0,69846.0,71.1,242.91,89.13,135.0
2022-12-08 14:00:00,454.05,4686.0,1005.5,2717.75,185.0,3645.25,15798.75,15233.0,15760.5,1329.75,1407.5,4786.5,66884.75,2900.25,5761.0,68754.25,71.1,242.91,89.13,135.0
2022-12-08 15:00:00,456.99,4703.0,1059.5,825.25,185.0,3719.0,15956.25,15371.0,16072.25,2771.75,1659.25,4250.75,67157.5,1054.75,5258.0,68193.75,71.1,242.91,89.13,135.0
2022-12-08 16:00:00,462.92,4730.0,1122.25,21.75,185.0,3768.75,15968.5,15390.25,16199.0,3726.5,1819.5,3923.75,67621.5,74.5,5195.0,68898.25,71.1,242.91,89.13,135.0
2022-12-08 17:00:00,498.21,4752.0,1225.75,0.0,185.0,3768.75,15380.75,15282.75,16691.5,6365.5,1863.75,3491.75,69053.5,0.0,5398.25,70181.25,71.1,242.91,89.13,135.0
2022-12-08 18:00:00,459.27,4772.0,1185.0,0.0,185.0,3767.75,15101.5,15155.5,16717.75,7141.5,1588.0,3155.75,68385.75,0.0,5562.5,69858.5,71.1,242.91,89.13,135.0
2022-12-08 19:00:00,454.02,4856.75,1136.5,0.0,185.0,3766.75,15102.25,15077.5,16507.75,6136.25,1351.5,2755.5,66935.75,0.0,5729.0,67778.75,71.1,242.91,89.13,135.0
2022-12-08 20:00:00,433.91,4862.0,1170.75,0.0,185.0,3767.0,15077.75,14952.5,16113.0,2935.25,1348.0,2587.0,63984.25,0.0,5814.25,64166.0,71.1,242.91,89.13,135.0
2022-12-08 21:00:00,353.13,4840.5,1102.25,0.0,185.0,3767.25,14864.75,14904.0,14831.25,1077.0,1349.0,2571.5,60787.75,0.0,5934.5,61313.5,71.1,242.91,89.13,135.0
2022-12-08 22:00:00,328.31,4834.5,1110.75,0.0,181.25,3766.25,14626.25,14931.5,14616.25,221.25,1271.75,2705.25,58482.75,0.0,6027.75,58776.75,71.1,242.91,89.13,135.0
2022-12-08 23:00:00,299.24,4840.5,1110.75,0.0,181.0,3741.25,14087.5,14839.75,13473.0,287.75,1176.0,3066.75,56101.75,0.0,6137.25,55948.75,71.1,242.91,89.13,135.0
2022-12-09 00:00:00,334.01,4811.25,1135.0,0.0,181.25,3676.75,13911.75,14524.25,11644.5,172.25,1139.75,3566.75,53492.0,0.0,2932.25,53221.5,70.09,239.24,87.84,135.0
2022-12-09 01:00:00,306.42,4810.5,1134.25,0.0,185.0,3554.75,13783.25,14322.5,10976.0,262.25,1147.0,3760.25,51172.75,0.0,3371.25,51393.75,70.09,239.24,87.84,135.0
2022-12-09 02:00:00,302.38,4801.75,1099.5,0.0,185.75,3509.0,13653.5,14193.25,10849.0,257.75,1144.25,4098.5,50407.25,0.0,3634.25,50864.0,70.09,239.24,87.84,135.0
2022-12-09 03:00:00,298.49,4783.75,1083.5,0.0,185.5,3570.5,13574.0,14157.5,10973.0,191.75,1163.5,4428.25,50442.25,0.0,3812.25,51219.5,70.09,239.24,87.84,135.0
2022-12-09 04:00:00,304.04,4769.25,1081.25,0.0,185.25,3615.5,13681.75,13937.25,10907.75,159.75,1136.5,4748.5,51671.0,0.0,4083.75,52613.0,70.09,239.24,87.84,135.0
2022-12-09 05:00:00,317.66,4760.0,1094.0,0.0,185.25,3597.25,13996.0,12934.0,12427.25,211.0,1136.75,5124.75,54860.25,0.0,4318.0,55762.0,70.09,239.24,87.84,135.0
2022-12-09 06:00:00,358.77,4760.0,1173.75,0.0,187.0,3665.5,14569.25,13077.25,15015.75,996.75,1210.75,5362.0,60488.25,0.0,4572.0,61277.0,70.09,239.24,87.84,135.0
2022-12-09 07:00:00,455.38,4738.75,1252.75,1.25,188.0,3763.25,14953.5,13110.75,15920.5,2246.25,1414.75,6099.25,65374.75,5.5,4716.0,66286.5,70.09,239.24,87.84,135.0
2022-12-09 08:00:00,474.29,4778.5,1258.5,275.5,188.0,3773.0,15385.0,13227.5,16825.75,3613.25,1561.25,6019.0,68280.0,433.75,4726.5,69174.5,70.09,239.24,87.84,135.0
2022-12-09 09:00:00,474.7,4791.25,1341.0,1687.5,188.0,3770.5,15682.0,13357.25,17275.5,4050.5,1705.5,5134.25,69204.25,2025.25,4784.25,69830.0,70.09,239.24,87.84,135.0
2022-12-09 10:00:00,471.33,4786.0,1264.0,3491.0,188.0,3768.25,15670.75,13324.25,17294.75,2921.5,1726.25,4222.25,69546.75,3978.75,4719.75,71020.25,70.09,239.24,87.84,135.0
2022-12-09 11:00:00,484.16,4783.5,1199.75,4497.75,188.0,3765.25,15668.5,13326.5,17264.0,2938.25,1727.0,3342.5,69233.25,5266.0,4486.0,71845.25,70.09,239.24,87.84,135.0
2022-12-09 12:00:00,481.1,4793.25,1191.0,4547.0,188.0,3764.0,15647.0,13361.0,17143.0,2099.5,1728.0,3525.5,68169.0,5354.75,4365.5,71497.75,70.09,239.24,87.84,135.0
2022-12-09 13:00:00,470.0,4808.25,1200.5,3766.25,188.0,3763.5,15633.0,13415.25,17015.75,725.5,1528.5,4003.0,68137.0,4343.25,4328.5,69944.5,70.09,239.24,87.84,135.0
2022-12-09 14:00:00,476.44,4807.5,1228.5,2125.75,188.0,3762.75,15580.25,13432.0,17207.75,1083.0,1313.25,3887.25,66605.0,2573.0,4205.25,68662.5,70.09,239.24,87.84,135.0
2022-12-09 15:00:00,473.91,4853.0,1229.5,605.25,188.0,3761.5,15445.0,13421.5,17221.0,1466.5,1313.0,4177.5,66116.0,866.25,4170.5,68104.5,70.09,239.24,87.84,135.0
2022-12-09 16:00:00,474.88,4890.25,1261.25,13.25,188.0,3761.25,15192.75,13708.0,17297.5,2763.25,1396.25,4560.25,66358.0,77.25,4442.0,68734.5,70.09,239.24,87.84,135.0
2022-12-09 17:00:00,507.91,4891.0,1283.5,0.0,188.0,3733.75,14811.5,13796.25,17573.75,6937.5,1419.75,4894.5,67600.0,0.0,4800.25,70204.25,70.09,239.24,87.84,135.0
2022-12-09 18:00:00,477.37,4897.0,1281.75,0.0,188.0,3655.5,14656.0,14252.75,17339.5,5004.25,1358.5,5233.0,66551.5,0.0,5036.25,69664.25,70.09,239.24,87.84,135.0
2022-12-09 19:00:00,451.51,4891.75,1249.75,0.0,188.0,3584.25,14354.25,14662.25,16963.0,2538.25,1353.25,5154.5,64742.0,0.0,5251.75,67285.5,70.09,239.24,87.84,135.0
2022-12-09 20:00:00,440.0,4891.75,1297.25,0.0,188.0,3492.25,13560.25,14766.25,15694.25,1567.75,1343.5,5105.0,61752.0,0.0,5321.0,63285.0,70.09,239.24,87.84,135.0
2022-12-09 21:00:00,376.0,4959.75,1247.0,0.0,188.0,3492.25,13543.25,14265.0,14843.5,563.25,1200.75,4732.25,59246.75,0.0,5324.0,60300.75,70.09,239.24,87.84,135.0
2022-12-09 22:00:00,338.04,4985.75,1225.0,0.0,188.0,3492.5,13344.0,13654.25,13798.25,343.5,1184.75,4880.75,56785.0,0.0,5289.25,58026.0,70.09,239.24,87.84,135.0
2022-12-09 23:00:00,316.22,5016.75,1202.25,0.0,188.0,3491.5,13324.25,13709.25,11219.0,96.0,1185.25,4926.75,54297.75,0.0,5203.75,55242.0,70.09,239.24,87.84,135.0
2022-12-10 00:00:00,312.48,4974.5,1165.5,0.0,188.0,3532.5,12572.25,13774.0,10459.5,363.25,1163.0,4531.0,52348.75,0.0,4342.5,50692.75,70.09,239.24,87.84,135.0
2022-12-10 01:00:00,306.0,4908.5,1159.25,0.0,188.0,3617.75,12500.75,13931.75,10481.5,301.5,1166.75,4028.5,50112.5,0.0,4145.5,48320.5,70.09,239.24,87.84,135.0
2022-12-10 02:00:00,290.79,4846.0,1139.25,0.0,188.0,3666.75,12516.0,13989.5,10271.5,174.0,1166.0,3733.25,49408.25,0.0,3838.75,47759.0,70.09,239.24,87.84,135.0
2022-12-10 03:00:00,287.26,4797.0,1116.0,0.0,188.0,3674.0,12866.5,13953.75,10258.5,161.0,1161.75,3403.0,48583.75,0.0,3581.5,47856.25,70.09,239.24,87.84,135.0
2022-12-10 04:00:00,284.9,4790.0,1110.25,0.0,188.0,3689.0,13115.75,13844.5,9960.5,160.75,1157.75,3428.75,48358.75,0.0,3375.0,48115.5,70.09,239.24,87.84,135.0
2022-12-10 05:00:00,287.15,4773.5,1111.75,0.0,188.0,3698.75,13122.75,13823.5,9835.0,161.75,1159.25,3622.0,48792.0,0.0,3286.0,48374.0,70.09,239.24,87.84,135.0
2022-12-10 06:00:00,295.35,4769.25,1109.25,0.0,188.0,3739.75,12867.75,13936.75,11243.75,313.75,1157.75,3728.5,49675.5,0.0,3258.5,48636.0,70.09,239.24,87.84,135.0
2022-12-10 07:00:00,313.58,4779.75,1105.75,1.25,188.0,3758.0,13308.75,13874.25,13467.75,111.5,1154.25,3506.75,51377.5,5.5,3269.75,50545.25,70.09,239.24,87.84,135.0
2022-12-10 08:00:00,346.14,4804.25,1105.75,143.25,188.0,3760.0,14026.0,13901.0,14048.5,233.75,1171.5,3527.75,54597.75,299.0,3277.75,53926.75,70.09,239.24,87.84,135.0
2022-12-10 09:00:00,396.61,4841.5,1105.25,1049.5,188.0,3761.0,14100.5,13772.0,14029.25,224.75,1175.25,3639.0,57268.75,1484.0,3246.0,56202.75,70.09,239.24,87.84,135.0
2022-12-10 10:00:00,419.33,4910.0,1091.5,2461.75,188.0,3766.0,14102.5,13751.0,14105.5,467.25,1177.0,3560.5,58685.0,3003.75,3073.5,58548.25,70.09,239.24,87.84,135.0
2022-12-10 11:00:00,412.38,4996.75,1097.5,3252.25,188.0,3763.25,14111.0,13727.25,14389.75,403.75,1179.25,3263.75,60260.75,4031.0,2826.25,59770.5,70.09,239.24,87.84,135.0
2022-12-10 12:00:00,398.1,5052.0,1070.5,3159.5,188.0,3762.0,13918.75,13752.5,14477.5,546.0,1183.5,3184.25,59847.25,4110.5,2558.0,59336.75,70.09,239.24,87.84,135.0
2022-12-10 13:00:00,375.9,5059.75,1082.5,2579.75,188.0,3760.75,13722.75,13915.75,14340.25,300.75,1186.5,3137.75,58746.25,3372.75,2369.5,57514.0,70.09,239.24,87.84,135.0
2022-12-10 14:00:00,377.07,5036.5,1075.75,1505.25,188.0,3759.25,13769.5,13875.25,14312.5,226.75,1189.75,2832.75,58033.0,2036.5,2233.0,56467.5,70.09,239.24,87.84,135.0
2022-12-10 15:00:00,393.5,5005.5,1078.5,434.25,188.0,3755.75,13825.0,13846.5,14519.75,417.75,1188.5,2714.5,57614.25,714.75,2241.5,56167.75,70.09,239.24,87.84,135.0
2022-12-10 16:00:00,420.59,4992.75,1078.5,15.0,187.0,3754.0,13895.75,13861.0,14743.0,2009.0,1186.5,2816.25,58710.25,79.5,2438.0,57223.25,70.09,239.24,87.84,135.0
2022-12-10 17:00:00,449.92,4953.0,1151.25,0.0,187.0,3754.25,13870.0,13849.25,14897.75,4661.5,1181.75,3070.75,61004.25,0.0,2698.5,59102.5,70.09,239.24,87.84,135.0
2022-12-10 18:00:00,442.7,4977.5,1106.75,0.0,187.0,3754.75,13979.5,13913.0,14896.0,4723.75,1190.5,3134.5,60361.0,0.0,2956.25,59158.5,70.09,239.24,87.84,135.0
2022-12-10 19:00:00,420.72,5045.0,1061.0,0.0,186.75,3754.25,14119.5,13965.25,14734.75,2532.75,1186.0,3438.75,58862.0,0.0,3172.0,57253.75,70.09,239.24,87.84,135.0
2022-12-10 20:00:00,361.15,5072.75,1043.75,0.0,186.25,3754.5,13960.5,13945.25,12030.5,356.0,1184.0,3649.0,56541.25,0.0,3224.25,54315.75,70.09,239.24,87.84,135.0
2022-12-10 21:00:00,323.88,5110.75,1032.75,0.0,186.75,3753.75,13315.75,13948.0,11514.5,483.5,1176.75,3558.0,53947.5,0.0,3238.25,52675.0,70.09,239.24,87.84,135.0
2022-12-10 22:00:00,307.65,5103.25,1015.0,0.0,186.25,3753.75,13259.0,13890.25,9929.0,446.25,1182.75,3613.75,53339.25,0.0,3123.0,51598.75,70.09,239.24,87.84,135.0
2022-12-10 23:00:00,288.27,5050.25,1018.75,0.0,186.0,3753.25,13055.25,13744.75,8880.5,225.0,1177.0,3530.0,51141.0,0.0,3007.5,49542.75,70.09,239.24,87.84,135.0
2022-12-11 00:00:00,300.65,4986.25,992.0,0.5,186.0,3754.0,13121.0,13479.25,8193.75,276.0,1171.75,3470.5,49270.75,0.0,3145.75,46663.0,70.09,239.24,87.84,135.0
2022-12-11 01:00:00,292.8,4907.75,1004.5,0.5,186.0,3754.5,13314.25,13393.25,7964.5,240.75,1161.75,3283.25,47865.25,0.0,3104.75,44717.0,70.09,239.24,87.84,135.0
2022-12-11 02:00:00,288.08,4854.25,979.25,0.0,186.0,3755.0,13175.5,13285.0,7660.5,179.25,1167.75,3278.0,46738.5,0.0,2964.0,44296.75,70.09,239.24,87.84,135.0
2022-12-11 03:00:00,272.52,4803.0,989.5,0.0,186.0,3755.25,13195.0,13186.75,7533.75,215.25,1155.25,3151.25,45937.0,0.0,2947.25,44404.75,70.09,239.24,87.84,135.0
2022-12-11 04:00:00,268.42,4757.25,963.5,0.0,186.0,3754.0,13213.75,13191.5,7679.0,214.5,1161.5,3192.5,45638.25,0.0,2998.0,44984.0,70.09,239.24,87.84,135.0
2022-12-11 05:00:00,269.24,4737.0,967.0,0.0,186.25,3747.25,13255.25,13168.75,7772.5,156.0,1159.75,3376.5,45297.0,0.0,3067.0,45168.5,70.09,239.24,87.84,135.0
2022-12-11 06:00:00,280.98,4742.25,982.0,0.0,186.25,3750.75,13314.25,13055.75,7968.5,200.25,1165.5,3504.0,45136.5,0.0,3217.5,44433.25,70.09,239.24,87.84,135.0
2022-12-11 07:00:00,279.73,4755.0,984.5,1.0,186.0,3750.0,13355.5,13095.75,8424.75,81.0,1164.75,3704.5,46188.25,3.25,3347.0,45288.25,70.09,239.24,87.84,135.0
2022-12-11 08:00:00,293.09,4788.75,1002.0,133.25,186.75,3750.5,13458.75,13417.0,9482.0,290.75,1162.25,3631.0,48979.25,423.0,3447.5,48402.25,70.09,239.24,87.84,135.0
2022-12-11 09:00:00,320.09,4838.25,1006.25,814.5,187.0,3754.75,13353.5,13955.25,10587.5,609.5,1161.75,3780.75,51845.75,1929.25,3558.5,51554.25,70.09,239.24,87.84,135.0
2022-12-11 10:00:00,326.55,4903.5,1010.5,1722.25,187.0,3752.5,13703.25,14159.0,10954.25,1209.0,1169.0,3578.75,55635.75,3631.25,3460.25,54747.25,70.09,239.24,87.84,135.0
2022-12-11 11:00:00,345.19,4959.0,1001.0,2309.0,187.0,3755.25,13943.5,14131.25,11497.0,1328.75,1170.0,3174.75,57383.25,4670.25,3183.0,57098.0,70.09,239.24,87.84,135.0
2022-12-11 12:00:00,347.71,5023.75,1001.0,2583.75,187.0,3753.75,14066.5,14093.75,11549.0,1261.0,1173.5,3070.0,57580.75,4658.25,3054.25,56889.75,70.09,239.24,87.84,135.0
2022-12-11 13:00:00,324.74,5060.0,998.5,2236.25,187.0,3753.0,14364.75,14001.0,11249.0,622.0,1168.25,2997.25,56481.0,3814.0,2957.25,54593.0,70.09,239.24,87.84,135.0
2022-12-11 14:00:00,328.31,5064.0,1020.25,1355.75,187.0,3752.5,14406.25,13890.0,11653.25,1077.0,1162.75,3004.25,54910.5,2387.0,2898.0,53533.25,70.09,239.24,87.84,135.0
2022-12-11 15:00:00,336.51,5047.25,1045.75,396.25,187.0,3752.5,14489.25,13876.5,11666.5,500.0,1173.25,3313.75,54668.75,909.75,2949.25,53277.75,70.09,239.24,87.84,135.0
2022-12-11 16:00:00,361.6,5007.5,1064.0,11.75,187.0,3750.0,14596.5,14032.25,12486.75,1422.75,1183.0,3183.75,55961.75,96.5,3154.75,54577.25,70.09,239.24,87.84,135.0
2022-12-11 17:00:00,413.94,4948.0,1068.5,0.0,187.0,3750.5,14852.5,14166.0,12900.75,4129.0,1192.5,3282.25,57955.75,0.0,3430.0,56786.25,70.09,239.24,87.84,135.0
2022-12-11 18:00:00,430.05,4955.5,1041.0,0.0,187.0,3749.5,14927.25,13888.0,13260.0,4174.75,1191.25,3694.0,57755.0,0.0,3699.5,57733.0,70.09,239.24,87.84,135.0
2022-12-11 19:00:00,412.74,4984.5,1018.0,0.0,187.0,3748.5,14967.75,13649.25,13439.75,3018.0,1189.5,4075.75,56963.0,0.0,3921.5,56152.0,70.09,239.24,87.84,135.0
2022-12-11 20:00:00,383.98,5039.5,1026.25,0.0,187.0,3746.0,14759.75,13676.0,12583.0,1060.75,1178.0,4187.25,56179.75,0.0,3943.25,54059.0,70.09,239.24,87.84,135.0
2022-12-11 21:00:00,335.35,5076.5,1053.5,0.0,187.0,3748.75,14119.75,13666.5,12303.5,487.25,1174.75,4321.75,54663.5,0.0,3944.75,53045.75,70.09,239.24,87.84,135.0
2022-12-11 22:00:00,323.85,5072.25,1046.0,0.0,187.0,3744.5,13828.25,13795.5,12566.5,307.75,1172.5,4371.5,54515.75,0.0,3905.5,53058.25,70.09,239.24,87.84,135.0
2022-12-11 23:00:00,306.25,5034.25,977.0,0.0,187.0,3744.5,14096.25,13351.5,11251.0,136.5,1174.0,4382.25,52911.75,0.0,3843.5,51240.5,70.09,239.24,87.84,135.0
2022-12-12 00:00:00,280.18,4946.5,962.0,0.0,186.75,3744.0,13881.75,13025.5,10002.75,75.5,1172.5,4329.25,50394.75,0.0,3474.25,49122.5,70.09,239.24,90.05,135.0
2022-12-12 01:00:00,277.68,4867.0,999.5,0.0,187.0,3743.75,13741.75,12535.0,9711.0,158.75,1171.75,4302.0,49100.5,0.0,3599.75,47468.0,70.09,239.24,90.05,135.0
2022-12-12 02:00:00,274.31,4818.5,977.25,0.0,186.75,3743.75,13783.0,12376.75,9591.0,190.75,1157.25,4352.5,48596.5,0.0,3787.5,47134.25,70.09,239.24,90.05,135.0
2022-12-12 03:00:00,269.79,4784.5,1040.5,0.0,186.0,3740.5,13841.5,12706.75,9663.0,195.75,1165.0,4369.75,48744.0,0.0,4108.75,47922.0,70.09,239.24,90.05,135.0
2022-12-12 04:00:00,267.92,4749.0,1141.0,0.0,184.25,3741.5,14221.0,13530.75,9685.75,107.75,1152.75,4650.0,50201.5,0.0,4479.5,49938.0,70.09,239.24,90.05,135.0
2022-12-12 05:00:00,283.71,4720.75,1115.75,0.0,186.0,3741.75,14656.0,14145.5,11415.0,34.0,1148.25,5080.0,53278.75,0.0,4793.0,52997.25,70.09,239.24,90.05,135.0
2022-12-12 06:00:00,392.24,4719.5,1139.75,0.0,186.0,3738.5,15478.5,14780.75,13497.0,412.75,1152.75,5396.0,60928.25,0.0,5038.75,59284.75,70.09,239.24,90.05,135.0
2022-12-12 07:00:00,505.0,4732.25,1203.75,0.75,185.25,3737.5,15922.25,14905.0,15309.25,1829.25,1234.75,5278.75,65858.5,7.5,5153.25,64498.75,70.09,239.24,90.05,135.0
2022-12-12 08:00:00,545.22,4751.0,1284.25,191.25,184.5,3737.0,15921.25,14885.0,15824.0,4314.25,1333.5,5191.0,68728.0,575.75,5233.75,67742.0,70.09,239.24,90.05,135.0
2022-12-12 09:00:00,513.99,4772.0,1129.5,1369.0,184.75,3737.5,16007.75,14980.75,15887.5,3096.0,1381.25,5054.5,70072.75,2708.25,5154.25,68528.0,70.09,239.24,90.05,135.0
2022-12-12 10:00:00,505.47,4809.25,1218.25,3002.5,184.5,3736.0,16038.5,14946.5,16346.75,3942.5,1372.5,4853.75,70323.0,5275.75,4751.5,70215.5,70.09,239.24,90.05,135.0
2022-12-12 11:00:00,497.62,4864.5,1128.5,4733.0,184.25,3738.0,16011.5,14841.75,15949.25,2883.25,1429.75,4441.5,70615.5,7142.75,4269.25,71626.0,70.09,239.24,90.05,135.0
2022-12-12 12:00:00,489.95,4913.75,1093.0,5879.5,184.0,3741.5,15931.75,15052.0,15902.0,812.0,1450.25,4228.5,69513.5,7663.25,4009.25,71674.75,70.09,239.24,90.05,135.0
2022-12-12 13:00:00,482.8,4936.75,1125.25,5327.0,184.0,3741.75,16004.0,15168.25,15772.75,525.75,1396.0,4012.5,68814.25,6636.5,3937.0,70543.5,70.09,239.24,90.05,135.0
2022-12-12 14:00:00,506.04,4945.0,1254.5,3567.0,184.75,3740.0,15963.0,15150.5,16154.0,1302.25,1418.0,4139.5,68689.5,4401.25,3940.0,69657.5,70.09,239.24,90.05,135.0
2022-12-12 15:00:00,535.73,4927.75,1276.0,1159.5,187.75,3738.75,16056.25,15148.25,15795.5,2969.5,1416.5,4141.25,68606.25,1670.25,4139.75,69125.5,70.09,239.24,90.05,135.0
2022-12-12 16:00:00,558.54,4907.0,1381.0,42.0,188.0,3739.5,15990.75,15227.25,16260.75,5622.75,1565.0,4146.75,69475.0,119.0,4558.0,68890.25,70.09,239.24,90.05,135.0
2022-12-12 17:00:00,588.09,4879.75,1444.5,0.0,188.0,3739.75,15918.25,15223.0,16352.5,7275.5,1612.5,3980.0,71283.75,0.0,5040.5,70216.75,70.09,239.24,90.05,135.0
2022-12-12 18:00:00,558.66,4880.5,1251.5,0.0,188.0,3740.75,15943.75,15224.75,16362.25,6088.0,1590.0,4310.75,69871.5,0.0,5428.5,69774.25,70.09,239.24,90.05,135.0
2022-12-12 19:00:00,508.04,4937.5,1137.25,0.0,188.0,3741.0,15903.0,15194.75,16116.0,3313.25,1402.75,4949.5,68853.75,0.0,5670.0,67481.5,70.09,239.24,90.05,135.0
2022-12-12 20:00:00,490.0,4997.75,1069.75,0.0,188.0,3740.5,15830.25,14847.0,15588.5,1812.5,1359.5,5271.0,65668.75,0.0,5795.0,63839.0,70.09,239.24,90.05,135.0
2022-12-12 21:00:00,408.9,5022.25,1095.0,0.0,187.0,3740.75,15093.0,14402.75,14390.75,888.75,1346.5,5605.25,63137.0,0.0,5949.5,61160.0,70.09,239.24,90.05,135.0
2022-12-12 22:00:00,361.32,5033.5,1084.0,0.0,187.0,3740.5,15014.25,14335.0,13224.75,703.0,1193.0,5868.25,61250.5,0.0,6082.25,58701.0,70.09,239.24,90.05,135.0
2022-12-12 23:00:00,313.2,5001.0,1093.25,0.0,187.0,3739.75,14678.25,14413.5,12116.75,321.5,1182.75,5938.25,58834.0,0.0,6287.25,55918.75,70.09,239.24,90.05,135.0
2022-12-13 00:00:00,306.14,4955.75,1081.75,0.0,180.25,3738.5,14066.0,14136.0,10829.25,120.25,1160.75,5949.5,55805.75,0.0,5955.5,51929.75,70.09,239.24,90.05,135.0
2022-12-13 01:00:00,288.11,4865.75,1095.25,0.0,180.0,3740.0,14346.75,14016.0,10436.0,257.0,1156.25,5977.0,54168.25,0.0,6021.5,50101.25,70.09,239.24,90.05,135.0
2022-12-13 02:00:00,285.28,4811.75,1093.25,0.0,180.0,3738.0,14424.25,13930.25,10852.5,168.75,1156.75,5982.25,53378.75,0.0,6025.0,49871.25,70.09,239.24,90.05,135.0
2022-12-13 03:00:00,276.98,4767.0,1098.0,0.0,180.0,3734.25,14765.0,13762.25,9363.0,158.5,1151.0,6150.5,53498.0,0.0,6064.5,50414.5,70.09,239.24,90.05,135.0
2022-12-13 04:00:00,282.3,4735.75,1103.5,0.0,181.0,3737.0,14785.25,13897.5,9135.0,157.5,1127.0,6220.0,54174.0,0.0,6201.75,51706.5,70.09,239.24,90.05,135.0
2022-12-13 05:00:00,316.07,4721.75,1092.25,0.0,187.0,3736.5,15019.5,14331.5,11209.5,187.5,1137.5,6299.25,57071.5,0.0,6381.25,54822.25,70.09,239.24,90.05,135.0
2022-12-13 06:00:00,368.9,4707.75,1250.75,0.0,187.0,3735.5,15148.75,14829.0,14325.0,876.25,1196.0,6371.25,62530.25,0.0,6485.0,60583.5,70.09,239.24,90.05,135.0
2022-12-13 07:00:00,499.7,4721.5,1348.25,0.75,187.0,3733.5,15824.75,14866.25,15982.25,3892.5,1292.5,6654.75,67635.25,5.5,6417.0,65582.0,70.09,239.24,90.05,135.0
2022-12-13 08:00:00,571.76,4731.5,1436.25,463.25,187.0,3734.75,15896.0,14839.5,16227.0,6209.0,1330.0,7007.5,70609.25,860.75,6307.25,68644.5,70.09,239.24,90.05,135.0
2022-12-13 09:00:00,553.29,4757.75,1409.0,2746.25,187.0,3735.0,15891.0,14669.25,16237.75,5768.0,1374.0,6756.5,71854.25,3997.75,6116.5,69303.0,70.09,239.24,90.05,135.0
2022-12-13 10:00:00,518.08,4818.0,1322.5,5048.75,187.0,3734.0,15682.0,14356.75,16242.5,2715.5,1380.75,6492.5,71791.5,7688.5,5639.25,70786.5,70.09,239.24,90.05,135.0
2022-12-13 11:00:00,505.16,4909.25,1300.75,7083.25,187.0,3731.75,15670.5,14668.75,16655.0,1600.25,1399.75,5906.75,53388.0,10497.25,4890.25,72130.5,70.09,239.24,90.05,135.0
2022-12-13 12:00:00,482.78,1242.25,309.0,1971.25,46.75,932.75,3931.75,3706.75,4065.75,364.0,355.0,2431.0,53388.0,10993.75,4478.75,72133.25,70.09,239.24,90.05,135.0
2022-12-13 13:00:00,506.03,0.0,0.0,0.0,0.0,0.0,0.0,0.0,0.0,0.0,0.0,0.0,53388.0,9200.5,4361.25,71089.0,70.09,239.24,90.05,135.0
2022-12-13 14:00:00,552.71,0.0,0.0,0.0,0.0,0.0,0.0,0.0,0.0,0.0,0.0,0.0,0.0,5769.25,4572.25,69980.0,70.09,239.24,90.05,135.0
2022-12-13 15:00:00,570.25,0.0,0.0,0.0,0.0,0.0,0.0,0.0,0.0,0.0,0.0,0.0,0.0,2045.25,5416.25,69134.75,70.09,239.24,90.05,135.0
2022-12-13 16:00:00,590.0,0.0,0.0,0.0,0.0,0.0,0.0,0.0,0.0,0.0,0.0,0.0,0.0,113.75,6967.5,69452.25,70.09,239.24,90.05,135.0
2022-12-13 17:00:00,665.01,0.0,0.0,0.0,0.0,0.0,0.0,0.0,0.0,0.0,0.0,0.0,0.0,0.0,8589.75,70772.5,70.09,239.24,90.05,135.0
2022-12-13 18:00:00,595.94,0.0,0.0,0.0,0.0,0.0,0.0,0.0,0.0,0.0,0.0,0.0,0.0,0.0,10030.75,70312.75,70.09,239.24,90.05,135.0
2022-12-13 19:00:00,522.58,0.0,0.0,0.0,0.0,0.0,0.0,0.0,0.0,0.0,0.0,0.0,0.0,0.0,11360.5,67950.5,70.09,239.24,90.05,135.0
2022-12-13 20:00:00,452.47,0.0,0.0,0.0,0.0,0.0,0.0,0.0,0.0,0.0,0.0,0.0,0.0,0.0,12233.75,64216.0,70.09,239.24,90.05,135.0
2022-12-13 21:00:00,353.79,0.0,0.0,0.0,0.0,0.0,0.0,0.0,0.0,0.0,0.0,0.0,0.0,0.0,12864.75,61492.75,70.09,239.24,90.05,135.0
2022-12-13 22:00:00,321.03,0.0,0.0,0.0,0.0,0.0,0.0,0.0,0.0,0.0,0.0,0.0,0.0,0.0,13252.5,59060.5,70.09,239.24,90.05,135.0
2022-12-13 23:00:00,283.08,0.0,0.0,0.0,0.0,0.0,0.0,0.0,0.0,0.0,0.0,0.0,0.0,0.0,13494.5,56150.75,70.09,239.24,90.05,135.0
2022-12-14 00:00:00,274.82,0.0,0.0,0.0,0.0,0.0,0.0,0.0,0.0,0.0,0.0,0.0,0.0,0.0,0.0,0.0,70.09,239.24,90.05,135.0
2022-12-14 01:00:00,270.47,0.0,0.0,0.0,0.0,0.0,0.0,0.0,0.0,0.0,0.0,0.0,0.0,0.0,0.0,0.0,70.09,239.24,90.05,135.0
2022-12-14 02:00:00,268.69,0.0,0.0,0.0,0.0,0.0,0.0,0.0,0.0,0.0,0.0,0.0,0.0,0.0,0.0,0.0,70.09,239.24,90.05,135.0
2022-12-14 03:00:00,278.2,0.0,0.0,0.0,0.0,0.0,0.0,0.0,0.0,0.0,0.0,0.0,0.0,0.0,0.0,0.0,70.09,239.24,90.05,135.0
2022-12-14 04:00:00,280.21,0.0,0.0,0.0,0.0,0.0,0.0,0.0,0.0,0.0,0.0,0.0,0.0,0.0,0.0,0.0,70.09,239.24,90.05,135.0
2022-12-14 05:00:00,311.11,0.0,0.0,0.0,0.0,0.0,0.0,0.0,0.0,0.0,0.0,0.0,0.0,0.0,0.0,0.0,70.09,239.24,90.05,135.0
2022-12-14 06:00:00,368.82,0.0,0.0,0.0,0.0,0.0,0.0,0.0,0.0,0.0,0.0,0.0,0.0,0.0,0.0,0.0,70.09,239.24,90.05,135.0
2022-12-14 07:00:00,494.97,0.0,0.0,0.0,0.0,0.0,0.0,0.0,0.0,0.0,0.0,0.0,0.0,0.0,0.0,0.0,70.09,239.24,90.05,135.0
2022-12-14 08:00:00,539.99,0.0,0.0,0.0,0.0,0.0,0.0,0.0,0.0,0.0,0.0,0.0,0.0,0.0,0.0,0.0,70.09,239.24,90.05,135.0
2022-12-14 09:00:00,569.72,0.0,0.0,0.0,0.0,0.0,0.0,0.0,0.0,0.0,0.0,0.0,0.0,0.0,0.0,0.0,70.09,239.24,90.05,135.0
2022-12-14 10:00:00,565.18,0.0,0.0,0.0,0.0,0.0,0.0,0.0,0.0,0.0,0.0,0.0,0.0,0.0,0.0,0.0,70.09,239.24,90.05,135.0
2022-12-14 11:00:00,568.01,0.0,0.0,0.0,0.0,0.0,0.0,0.0,0.0,0.0,0.0,0.0,0.0,0.0,0.0,0.0,70.09,239.24,90.05,135.0
2022-12-14 12:00:00,526.07,0.0,0.0,0.0,0.0,0.0,0.0,0.0,0.0,0.0,0.0,0.0,0.0,0.0,0.0,0.0,70.09,239.24,90.05,135.0
2022-12-14 13:00:00,515.48,0.0,0.0,0.0,0.0,0.0,0.0,0.0,0.0,0.0,0.0,0.0,0.0,0.0,0.0,0.0,70.09,239.24,90.05,135.0
2022-12-14 14:00:00,514.95,0.0,0.0,0.0,0.0,0.0,0.0,0.0,0.0,0.0,0.0,0.0,0.0,0.0,0.0,0.0,70.09,239.24,90.05,135.0
2022-12-14 15:00:00,528.53,0.0,0.0,0.0,0.0,0.0,0.0,0.0,0.0,0.0,0.0,0.0,0.0,0.0,0.0,0.0,70.09,239.24,90.05,135.0
2022-12-14 16:00:00,545.0,0.0,0.0,0.0,0.0,0.0,0.0,0.0,0.0,0.0,0.0,0.0,0.0,0.0,0.0,0.0,70.09,239.24,90.05,135.0
2022-12-14 17:00:00,590.0,0.0,0.0,0.0,0.0,0.0,0.0,0.0,0.0,0.0,0.0,0.0,0.0,0.0,0.0,0.0,70.09,239.24,90.05,135.0
2022-12-14 18:00:00,557.0,0.0,0.0,0.0,0.0,0.0,0.0,0.0,0.0,0.0,0.0,0.0,0.0,0.0,0.0,0.0,70.09,239.24,90.05,135.0
2022-12-14 19:00:00,520.57,0.0,0.0,0.0,0.0,0.0,0.0,0.0,0.0,0.0,0.0,0.0,0.0,0.0,0.0,0.0,70.09,239.24,90.05,135.0
2022-12-14 20:00:00,487.9,0.0,0.0,0.0,0.0,0.0,0.0,0.0,0.0,0.0,0.0,0.0,0.0,0.0,0.0,0.0,70.09,239.24,90.05,135.0
2022-12-14 21:00:00,396.67,0.0,0.0,0.0,0.0,0.0,0.0,0.0,0.0,0.0,0.0,0.0,0.0,0.0,0.0,0.0,70.09,239.24,90.05,135.0
2022-12-14 22:00:00,351.72,0.0,0.0,0.0,0.0,0.0,0.0,0.0,0.0,0.0,0.0,0.0,0.0,0.0,0.0,0.0,70.09,239.24,90.05,135.0
2022-12-14 23:00:00,328.94,0.0,0.0,0.0,0.0,0.0,0.0,0.0,0.0,0.0,0.0,0.0,0.0,0.0,0.0,0.0,70.09,239.24,90.05,135.0
2022-12-15 00:00:00,328.94,0.0,0.0,0.0,0.0,0.0,0.0,0.0,0.0,0.0,0.0,0.0,0.0,0.0,0.0,0.0,70.09,239.24,90.05,135.0
